ANKRD30A,Missense_Mutation,2802-03B-01W-0728-08
C20orf24,Missense_Mutation,2802-03B-01W-0728-08
DNMT3A,Missense_Mutation,2802-03B-01W-0728-08
IDH1,Missense_Mutation,2802-03B-01W-0728-08
MT-CYB,Missense_Mutation,2802-03B-01W-0728-08
MT-ND5,Frame_Shift_Del,2802-03B-01W-0728-08
NPM1,Frame_Shift_Ins,2802-03B-01W-0728-08
NPM1,Frame_Shift_Ins,2802-03B-01W-0728-08
PTPN11,Missense_Mutation,2802-03B-01W-0728-08
TBX15,Missense_Mutation,2802-03B-01W-0728-08
TCHHL1,Missense_Mutation,2802-03B-01W-0728-08
CACNA1S,Missense_Mutation,2803-03B-01W-0728-08
CC2D2A,Missense_Mutation,2803-03B-01W-0728-08
FNIP2,Missense_Mutation,2803-03B-01W-0728-08
FSD2,Missense_Mutation,2803-03B-01W-0728-08
LMOD1,Missense_Mutation,2803-03B-01W-0728-08
LNX1,Missense_Mutation,2803-03B-01W-0728-08
MT-CO1,Nonsense_Mutation,2803-03B-01W-0728-08
PEX13,Frame_Shift_Del,2803-03B-01W-0728-08
POM121C,Missense_Mutation,2803-03B-01W-0728-08
POU5F1,Missense_Mutation,2803-03B-01W-0728-08
RPL32,Missense_Mutation,2803-03B-01W-0728-08
RYR3,Missense_Mutation,2803-03B-01W-0728-08
TRIM48,Missense_Mutation,2803-03B-01W-0728-08
TUBA1A,Missense_Mutation,2803-03B-01W-0728-08
ABTB1,Frame_Shift_Ins,2804-03B-01W-0728-08
ATP2A2,Missense_Mutation,2804-03B-01W-0728-08
C19orf55,Missense_Mutation,2804-03B-01W-0728-08
GNRHR,Missense_Mutation,2804-03B-01W-0728-08
LILRB2,Missense_Mutation,2804-03B-01W-0728-08
LIMS2,Missense_Mutation,2804-03B-01W-0728-08
LOC728770,Missense_Mutation,2804-03B-01W-0728-08
OTOA,Missense_Mutation,2804-03B-01W-0728-08
PHF6,Nonsense_Mutation,2804-03B-01W-0728-08
ADCY3,Missense_Mutation,2805-03B-01W-0728-08
ALMS1,Missense_Mutation,2805-03B-01W-0728-08
BLZF1,Missense_Mutation,2805-03B-01W-0728-08
CDON,Missense_Mutation,2805-03B-01W-0728-08
GNB1,Missense_Mutation,2805-03B-01W-0728-08
IDH2,Missense_Mutation,2805-03B-01W-0728-08
KIR3DX1,Missense_Mutation,2805-03B-01W-0728-08
MTUS2,Missense_Mutation,2805-03B-01W-0728-08
RUNX1,Nonsense_Mutation,2805-03B-01W-0728-08
RUNX1,Frame_Shift_Ins,2805-03B-01W-0728-08
TCEB3B,Missense_Mutation,2805-03B-01W-0728-08
TNC,Missense_Mutation,2805-03B-01W-0728-08
C9orf78,Missense_Mutation,2806-03B-01W-0728-08
CROCC,Missense_Mutation,2806-03B-01W-0728-08
FBXO11,Frame_Shift_Ins,2806-03B-01W-0728-08
GIGYF2,Frame_Shift_Ins,2806-03B-01W-0728-08
HCN1,Missense_Mutation,2806-03B-01W-0728-08
HKR1,Missense_Mutation,2806-03B-01W-0728-08
KDM2B,Missense_Mutation,2806-03B-01W-0728-08
KDM6A,Missense_Mutation,2806-03B-01W-0728-08
KIAA1217,Missense_Mutation,2806-03B-01W-0728-08
NPC1,Missense_Mutation,2806-03B-01W-0728-08
NRXN1,Missense_Mutation,2806-03B-01W-0728-08
OPRM1,Missense_Mutation,2806-03B-01W-0728-08
OR13H1,Missense_Mutation,2806-03B-01W-0728-08
OR4B1,Missense_Mutation,2806-03B-01W-0728-08
PLCE1,Missense_Mutation,2806-03B-01W-0728-08
SMEK1,Missense_Mutation,2806-03B-01W-0728-08
ZNF687,Missense_Mutation,2806-03B-01W-0728-08
AKAP12,Missense_Mutation,2807-03D-01W-0755-09
ALPK3,Missense_Mutation,2807-03D-01W-0755-09
ASXL1,Frame_Shift_Del,2807-03D-01W-0755-09
C20orf26,Nonsense_Mutation,2807-03D-01W-0755-09
C22orf42,Missense_Mutation,2807-03D-01W-0755-09
CAMKK1,Missense_Mutation,2807-03D-01W-0755-09
CCDC150,Splice_Site,2807-03D-01W-0755-09
DCLK1,Missense_Mutation,2807-03D-01W-0755-09
FAM154B,Missense_Mutation,2807-03D-01W-0755-09
GCN1L1,Missense_Mutation,2807-03D-01W-0755-09
GPR124,Missense_Mutation,2807-03D-01W-0755-09
IDH2,Missense_Mutation,2807-03D-01W-0755-09
KRT20,Missense_Mutation,2807-03D-01W-0755-09
LAMA1,Nonsense_Mutation,2807-03D-01W-0755-09
LINC00324,Missense_Mutation,2807-03D-01W-0755-09
LOC100128989,Missense_Mutation,2807-03D-01W-0755-09
LOC100129218,Missense_Mutation,2807-03D-01W-0755-09
LPA,Splice_Site,2807-03D-01W-0755-09
NXF3,Splice_Site,2807-03D-01W-0755-09
ODZ3,Missense_Mutation,2807-03D-01W-0755-09
OSBP2,Missense_Mutation,2807-03D-01W-0755-09
P2RY2,Missense_Mutation,2807-03D-01W-0755-09
PCLO,Missense_Mutation,2807-03D-01W-0755-09
POLR2E,Nonsense_Mutation,2807-03D-01W-0755-09
POM121L12,Missense_Mutation,2807-03D-01W-0755-09
RUNX1,In_Frame_Del,2807-03D-01W-0755-09
TBC1D8,Missense_Mutation,2807-03D-01W-0755-09
TYRO3,Missense_Mutation,2807-03D-01W-0755-09
USP6,Missense_Mutation,2807-03D-01W-0755-09
ZNF311,Missense_Mutation,2807-03D-01W-0755-09
CEBPA,In_Frame_Ins,2808-03D-01W-0755-09
CSF3R,Missense_Mutation,2808-03D-01W-0755-09
CSMD3,Missense_Mutation,2808-03D-01W-0755-09
CTNNA2,Missense_Mutation,2808-03D-01W-0755-09
FILIP1,Nonsense_Mutation,2808-03D-01W-0755-09
LAMA3,Missense_Mutation,2808-03D-01W-0755-09
NRAS,Missense_Mutation,2808-03D-01W-0755-09
SOGA3,Missense_Mutation,2808-03D-01W-0755-09
TSPAN2,Missense_Mutation,2808-03D-01W-0755-09
DNMT3A,Missense_Mutation,2809-03D-01W-0755-09
NAPSA,Missense_Mutation,2809-03D-01W-0755-09
NPM1,Frame_Shift_Ins,2809-03D-01W-0755-09
STEAP2,Nonsense_Mutation,2809-03D-01W-0755-09
CADPS,Missense_Mutation,2810-03B-01W-0728-08
CELSR3,Missense_Mutation,2810-03B-01W-0728-08
CLDN14,Missense_Mutation,2810-03B-01W-0728-08
CMYA5,Missense_Mutation,2810-03B-01W-0728-08
DCAF6,Missense_Mutation,2810-03B-01W-0728-08
DMD,Missense_Mutation,2810-03B-01W-0728-08
IDH2,Missense_Mutation,2810-03B-01W-0728-08
NPM1,Frame_Shift_Ins,2810-03B-01W-0728-08
SMOC2,Missense_Mutation,2810-03B-01W-0728-08
TSHZ3,Missense_Mutation,2810-03B-01W-0728-08
UNC5B,Missense_Mutation,2810-03B-01W-0728-08
CSRNP2,Missense_Mutation,2811-03B-01W-0728-08
DNMT3A,Missense_Mutation,2811-03B-01W-0728-08
DOCK4,Missense_Mutation,2811-03B-01W-0728-08
NPM1,Frame_Shift_Ins,2811-03B-01W-0728-08
OR2Y1,Nonsense_Mutation,2811-03B-01W-0728-08
PTCH1,Missense_Mutation,2811-03B-01W-0728-08
SMC1A,Missense_Mutation,2811-03B-01W-0728-08
TEKT4,Missense_Mutation,2811-03B-01W-0728-08
CNTN5,Missense_Mutation,2812-03B-01W-0728-08
NPM1,Frame_Shift_Ins,2812-03B-01W-0728-08
PARP4,Missense_Mutation,2812-03B-01W-0728-08
PPP1R3A,Missense_Mutation,2812-03B-01W-0728-08
SLC12A3,Missense_Mutation,2812-03B-01W-0728-08
TNNC2,Missense_Mutation,2812-03B-01W-0728-08
BBS12,Missense_Mutation,2813-03B-01W-0728-08
CACNA1B,Missense_Mutation,2813-03B-01W-0728-08
DLD,Missense_Mutation,2813-03B-01W-0728-08
ECM2,Missense_Mutation,2813-03B-01W-0728-08
GRIK3,Missense_Mutation,2813-03B-01W-0728-08
HLA-DRB1,Missense_Mutation,2813-03B-01W-0728-08
KIAA1683,Missense_Mutation,2813-03B-01W-0728-08
MYO5B,Missense_Mutation,2813-03B-01W-0728-08
NKRF,Missense_Mutation,2813-03B-01W-0728-08
OR11H12,Missense_Mutation,2813-03B-01W-0728-08
OR13H1,Missense_Mutation,2813-03B-01W-0728-08
SLC38A6,Missense_Mutation,2813-03B-01W-0728-08
SPRR4,Missense_Mutation,2813-03B-01W-0728-08
TP53,Missense_Mutation,2813-03B-01W-0728-08
ZNF518B,Missense_Mutation,2813-03B-01W-0728-08
uc004ewl.1,Missense_Mutation,2813-03B-01W-0728-08
ATP11B,Missense_Mutation,2814-03D-01W-0755-09
BCORL1,Frame_Shift_Ins,2814-03D-01W-0755-09
CACNA1B,Missense_Mutation,2814-03D-01W-0755-09
FAM65A,Missense_Mutation,2814-03D-01W-0755-09
HSD3B1,Missense_Mutation,2814-03D-01W-0755-09
LOC100133718,Missense_Mutation,2814-03D-01W-0755-09
LOC730167,Missense_Mutation,2814-03D-01W-0755-09
PMPCB,Missense_Mutation,2814-03D-01W-0755-09
UPF1,Missense_Mutation,2814-03D-01W-0755-09
C9orf171,Missense_Mutation,2816-03B-01W-0728-08
CAMK1G,Missense_Mutation,2816-03B-01W-0728-08
DNMT3A,Missense_Mutation,2816-03B-01W-0728-08
NPM1,Frame_Shift_Ins,2816-03B-01W-0728-08
NRAS,Missense_Mutation,2816-03B-01W-0728-08
AP3S2,Missense_Mutation,2817-03B-01W-0728-08
CBFB,Frame_Shift_Ins,2817-03B-01W-0728-08
CMYA5,Missense_Mutation,2817-03B-01W-0728-08
CYP26A1,Missense_Mutation,2817-03B-01W-0728-08
EZH2,Frame_Shift_Ins,2817-03B-01W-0728-08
EZH2,Frame_Shift_Ins,2817-03B-01W-0728-08
FAM115A,Missense_Mutation,2817-03B-01W-0728-08
FAM5C,Missense_Mutation,2817-03B-01W-0728-08
GPR6,Missense_Mutation,2817-03B-01W-0728-08
MT-ND1,Missense_Mutation,2817-03B-01W-0728-08
MT-ND4,Missense_Mutation,2817-03B-01W-0728-08
MT-ND5,Missense_Mutation,2817-03B-01W-0728-08
SSTR4,Missense_Mutation,2817-03B-01W-0728-08
TRNT1,Missense_Mutation,2817-03B-01W-0728-08
ZNF502,Missense_Mutation,2817-03B-01W-0728-08
DNMT3A,Missense_Mutation,2818-03B-01W-0728-08
FBXO30,Missense_Mutation,2818-03B-01W-0728-08
HPS5,Missense_Mutation,2818-03B-01W-0728-08
KLHL12,Missense_Mutation,2818-03B-01W-0728-08
NPM1,Frame_Shift_Ins,2818-03B-01W-0728-08
PIPSL,Missense_Mutation,2818-03B-01W-0728-08
RAD21,Frame_Shift_Ins,2818-03B-01W-0728-08
TRPM8,Missense_Mutation,2818-03B-01W-0728-08
ADAM19,Missense_Mutation,2819-03B-01W-0728-08
DSCAM,Missense_Mutation,2819-03B-01W-0728-08
HDAC3,Missense_Mutation,2819-03B-01W-0728-08
HSPG2,Missense_Mutation,2819-03B-01W-0728-08
HYAL4,Missense_Mutation,2819-03B-01W-0728-08
KIT,Missense_Mutation,2819-03B-01W-0728-08
LOC727895,Missense_Mutation,2819-03B-01W-0728-08
PCDHB3,Missense_Mutation,2819-03B-01W-0728-08
PDGFRB,Missense_Mutation,2819-03B-01W-0728-08
POSTN,Missense_Mutation,2819-03B-01W-0728-08
PRUNE2,Missense_Mutation,2819-03B-01W-0728-08
RGL1,Missense_Mutation,2819-03B-01W-0728-08
CSMD1,Missense_Mutation,2820-03B-01W-0728-08
DAB2,Frame_Shift_Del,2820-03B-01W-0728-08
GALNTL6,Missense_Mutation,2820-03B-01W-0728-08
GPR125,Missense_Mutation,2820-03B-01W-0728-08
IL1RL2,Missense_Mutation,2820-03B-01W-0728-08
IPO7,Missense_Mutation,2820-03B-01W-0728-08
LRIF1,Missense_Mutation,2820-03B-01W-0728-08
MFN1,Missense_Mutation,2820-03B-01W-0728-08
MT-CO2,Missense_Mutation,2820-03B-01W-0728-08
SLC18A2,Missense_Mutation,2820-03B-01W-0728-08
SUDS3,Missense_Mutation,2820-03B-01W-0728-08
SUZ12,Missense_Mutation,2820-03B-01W-0728-08
TP53,Frame_Shift_Ins,2820-03B-01W-0728-08
TTC26,Nonsense_Mutation,2820-03B-01W-0728-08
TUBA3C,Missense_Mutation,2820-03B-01W-0728-08
ASXL1,Nonsense_Mutation,2821-03B-01W-0728-08
ATG16L1,Missense_Mutation,2821-03B-01W-0728-08
BOD1L,Missense_Mutation,2821-03B-01W-0728-08
C10orf28,Missense_Mutation,2821-03B-01W-0728-08
FAT2,Missense_Mutation,2821-03B-01W-0728-08
GALNT2,Missense_Mutation,2821-03B-01W-0728-08
IDH1,Missense_Mutation,2821-03B-01W-0728-08
IDH2,Missense_Mutation,2821-03B-01W-0728-08
MFSD6,Missense_Mutation,2821-03B-01W-0728-08
NTRK3,Missense_Mutation,2821-03B-01W-0728-08
RUNX1,Frame_Shift_Ins,2821-03B-01W-0728-08
U2AF1,Missense_Mutation,2821-03B-01W-0728-08
AGXT2,Missense_Mutation,2822-03D-01W-0755-09
DNMT3A,Splice_Site,2822-03D-01W-0755-09
FLJ22167,Missense_Mutation,2822-03D-01W-0755-09
GCM2,Missense_Mutation,2822-03D-01W-0755-09
GRID1,Missense_Mutation,2822-03D-01W-0755-09
IDH1,Missense_Mutation,2822-03D-01W-0755-09
LEO1,Missense_Mutation,2822-03D-01W-0755-09
LRRC43,Missense_Mutation,2822-03D-01W-0755-09
MED12,Nonsense_Mutation,2822-03D-01W-0755-09
PCDHB6,Missense_Mutation,2822-03D-01W-0755-09
R3HDM1,Missense_Mutation,2822-03D-01W-0755-09
SMC1A,Missense_Mutation,2822-03D-01W-0755-09
SYT17,Missense_Mutation,2822-03D-01W-0755-09
TET2,Frame_Shift_Del,2822-03D-01W-0755-09
TMEM200A,Missense_Mutation,2822-03D-01W-0755-09
WRN,Missense_Mutation,2822-03D-01W-0755-09
WSCD1,Missense_Mutation,2822-03D-01W-0755-09
FAM90A1,Frame_Shift_Del,2823-03B-01W-0728-08
DNMT3A,Missense_Mutation,2824-03B-01W-0728-08
MDH1B,Missense_Mutation,2824-03B-01W-0728-08
NPM1,Frame_Shift_Ins,2824-03B-01W-0728-08
RAB23,Missense_Mutation,2824-03B-01W-0728-08
SMC1A,Missense_Mutation,2824-03B-01W-0728-08
DNMT3A,Missense_Mutation,2825-03D-01W-0755-09
NPM1,Frame_Shift_Ins,2825-03D-01W-0755-09
IDH2,Missense_Mutation,2826-03B-01W-0728-08
KDR,Missense_Mutation,2826-03B-01W-0728-08
KRAS,Missense_Mutation,2826-03B-01W-0728-08
NPM1,Frame_Shift_Ins,2826-03B-01W-0728-08
USP34,Nonsense_Mutation,2826-03B-01W-0728-08
ATXN7L1,Missense_Mutation,2827-03B-01W-0728-08
FAM65A,Missense_Mutation,2827-03B-01W-0728-08
MTMR3,Missense_Mutation,2827-03B-01W-0728-08
MYC,Missense_Mutation,2827-03B-01W-0728-08
PLA2G4C,Missense_Mutation,2827-03B-01W-0728-08
PPIC,Missense_Mutation,2827-03B-01W-0728-08
SELENBP1,Missense_Mutation,2827-03B-01W-0728-08
SPESP1,Missense_Mutation,2827-03B-01W-0728-08
ARHGEF19,Missense_Mutation,2828-03C-01W-0761-09
ASUN,Nonsense_Mutation,2828-03C-01W-0761-09
C19orf46,Missense_Mutation,2828-03C-01W-0761-09
FCGBP,Missense_Mutation,2828-03C-01W-0761-09
MCM10,Missense_Mutation,2828-03C-01W-0761-09
OR2M2,Missense_Mutation,2828-03C-01W-0761-09
PARP14,Missense_Mutation,2828-03C-01W-0761-09
SCARA3,Missense_Mutation,2828-03C-01W-0761-09
SECISBP2L,Missense_Mutation,2828-03C-01W-0761-09
CNOT6,Missense_Mutation,2829-03B-01W-0728-08
HSPA13,Missense_Mutation,2829-03B-01W-0728-08
ITPR1,Missense_Mutation,2829-03B-01W-0728-08
OBSCN,Missense_Mutation,2829-03B-01W-0728-08
PIWIL4,Missense_Mutation,2829-03B-01W-0728-08
RPL4,Missense_Mutation,2829-03B-01W-0728-08
SLC43A1,Missense_Mutation,2829-03B-01W-0728-08
TP53,Missense_Mutation,2829-03B-01W-0728-08
TP53,Splice_Site,2829-03B-01W-0728-08
DNMT3A,Missense_Mutation,2830-03B-01W-0728-08
FAM208B,Missense_Mutation,2830-03B-01W-0728-08
GYG2,Missense_Mutation,2830-03B-01W-0728-08
HIVEP2,Missense_Mutation,2830-03B-01W-0728-08
MECR,Missense_Mutation,2830-03B-01W-0728-08
SCML2,Missense_Mutation,2830-03B-01W-0728-08
SH3BP4,Missense_Mutation,2830-03B-01W-0728-08
TBC1D8B,Missense_Mutation,2830-03B-01W-0728-08
TET2,Frame_Shift_Ins,2830-03B-01W-0728-08
TET2,Frame_Shift_Del,2830-03B-01W-0728-08
THRB,Missense_Mutation,2830-03B-01W-0728-08
TUBGCP6,Missense_Mutation,2830-03B-01W-0728-08
C10orf28,Missense_Mutation,2831-03A-01W-0726-08
CD109,Missense_Mutation,2831-03A-01W-0726-08
DNMT3A,Frame_Shift_Del,2831-03A-01W-0726-08
GJB4,Missense_Mutation,2832-03B-01W-0728-08
LOC389000,Missense_Mutation,2832-03B-01W-0728-08
LOC728138,Missense_Mutation,2832-03B-01W-0728-08
PLEKHH1,Missense_Mutation,2832-03B-01W-0728-08
PTAR1,Missense_Mutation,2832-03B-01W-0728-08
SREBF2,Missense_Mutation,2832-03B-01W-0728-08
VASH1,Missense_Mutation,2832-03B-01W-0728-08
ZC3HC1,Missense_Mutation,2832-03B-01W-0728-08
ZNF394,Missense_Mutation,2832-03B-01W-0728-08
ZNF486,Missense_Mutation,2832-03B-01W-0728-08
ADCY5,Missense_Mutation,2833-03B-01W-0728-08
CBFB,Nonsense_Mutation,2833-03B-01W-0728-08
CROCC,Missense_Mutation,2833-03B-01W-0728-08
DNAH10,Missense_Mutation,2833-03B-01W-0728-08
DNMT1,Missense_Mutation,2833-03B-01W-0728-08
DNMT3A,Missense_Mutation,2833-03B-01W-0728-08
PTPRT,Missense_Mutation,2833-03B-01W-0728-08
STXBP5L,Missense_Mutation,2833-03B-01W-0728-08
HSPA4,Nonsense_Mutation,2835-03B-01W-0728-08
KLRK1,Missense_Mutation,2835-03B-01W-0728-08
NPM1,Frame_Shift_Ins,2835-03B-01W-0728-08
IKZF4,Missense_Mutation,2836-03B-01W-0728-08
NPM1,Frame_Shift_Ins,2836-03B-01W-0728-08
OLFML3,Missense_Mutation,2836-03B-01W-0728-08
LOC100132495,Missense_Mutation,2837-03B-01W-0728-08
NPM1,Frame_Shift_Ins,2837-03B-01W-0728-08
ANO2,Missense_Mutation,2838-03A-01W-0726-08
ARHGEF11,Missense_Mutation,2838-03A-01W-0726-08
CLEC18B,Missense_Mutation,2838-03A-01W-0726-08
CUL1,Missense_Mutation,2838-03A-01W-0726-08
FAM5C,Missense_Mutation,2838-03A-01W-0726-08
FAM5C,Missense_Mutation,2838-03A-01W-0726-08
FAM83A,3'UTR,2838-03A-01W-0726-08
FEZF2,Missense_Mutation,2838-03A-01W-0726-08
GUCY2C,Missense_Mutation,2838-03A-01W-0726-08
KIF2B,Missense_Mutation,2838-03A-01W-0726-08
KLHL18,Missense_Mutation,2838-03A-01W-0726-08
NRAS,Missense_Mutation,2838-03A-01W-0726-08
PTPN5,Missense_Mutation,2838-03A-01W-0726-08
PYGO2,Missense_Mutation,2838-03A-01W-0726-08
TBC1D21,Missense_Mutation,2838-03A-01W-0726-08
C15orf57,Missense_Mutation,2839-03B-01W-0728-08
CACNA2D4,Missense_Mutation,2839-03B-01W-0728-08
CEBPA,Frame_Shift_Del,2839-03B-01W-0728-08
CNTN6,Missense_Mutation,2839-03B-01W-0728-08
DNMT3A,Nonsense_Mutation,2839-03B-01W-0728-08
DUOXA2,Missense_Mutation,2839-03B-01W-0728-08
IGSF5,Missense_Mutation,2839-03B-01W-0728-08
KDR,Missense_Mutation,2839-03B-01W-0728-08
NPM1,Frame_Shift_Ins,2839-03B-01W-0728-08
NRAS,Missense_Mutation,2839-03B-01W-0728-08
OR5AS1,Missense_Mutation,2839-03B-01W-0728-08
PRSS3,Missense_Mutation,2839-03B-01W-0728-08
PTPN11,Missense_Mutation,2839-03B-01W-0728-08
RALGAPA2,Missense_Mutation,2839-03B-01W-0728-08
SLC1A1,Missense_Mutation,2839-03B-01W-0728-08
SMC3,Missense_Mutation,2839-03B-01W-0728-08
TGFBI,Missense_Mutation,2839-03B-01W-0728-08
VPRBP,Missense_Mutation,2839-03B-01W-0728-08
WT1,Frame_Shift_Ins,2839-03B-01W-0728-08
BAGE4,Missense_Mutation,2841-03B-01W-0728-08
C3orf56,Missense_Mutation,2841-03B-01W-0728-08
DAG1,Missense_Mutation,2841-03B-01W-0728-08
TBC1D2,Missense_Mutation,2841-03B-01W-0728-08
SMARCA2,Missense_Mutation,2842-03A-01W-0726-08
CD74,Missense_Mutation,2843-03B-01W-0728-08
CNGA3,Missense_Mutation,2843-03B-01W-0728-08
KIT,Missense_Mutation,2843-03B-01W-0728-08
KIT,Missense_Mutation,2843-03B-01W-0728-08
LRRTM2,Missense_Mutation,2843-03B-01W-0728-08
PLCE1,Missense_Mutation,2843-03B-01W-0728-08
SPAM1,Missense_Mutation,2843-03B-01W-0728-08
SYT1,Missense_Mutation,2843-03B-01W-0728-08
TLR4,Frame_Shift_Del,2843-03B-01W-0728-08
U2AF1,Missense_Mutation,2843-03B-01W-0728-08
FANCM,Missense_Mutation,2844-03B-01W-0728-08
LOC100130211,Missense_Mutation,2844-03B-01W-0728-08
LOC642131,Missense_Mutation,2844-03B-01W-0728-08
MAU2,Missense_Mutation,2844-03B-01W-0728-08
MUC17,Missense_Mutation,2844-03B-01W-0728-08
PRPF3,Missense_Mutation,2844-03B-01W-0728-08
PSME4,Missense_Mutation,2844-03B-01W-0728-08
SENP7,Nonsense_Mutation,2844-03B-01W-0728-08
SLC18A1,Missense_Mutation,2844-03B-01W-0728-08
SMC1A,Missense_Mutation,2844-03B-01W-0728-08
SMC5,Missense_Mutation,2844-03B-01W-0728-08
TRA2B,Missense_Mutation,2844-03B-01W-0728-08
WT1,Frame_Shift_Ins,2844-03B-01W-0728-08
CAPRIN2,Nonsense_Mutation,2845-03D-01W-0755-09
CEBPA,In_Frame_Ins,2845-03D-01W-0755-09
CEBPA,Frame_Shift_Del,2845-03D-01W-0755-09
CEBPA,Missense_Mutation,2845-03D-01W-0755-09
EPHA2,Missense_Mutation,2845-03D-01W-0755-09
TET2,Frame_Shift_Del,2845-03D-01W-0755-09
ARAP2,Missense_Mutation,2846-03B-01W-0728-08
CENPF,Missense_Mutation,2846-03B-01W-0728-08
CLDN11,Missense_Mutation,2846-03B-01W-0728-08
DST,Missense_Mutation,2846-03B-01W-0728-08
GEMIN4,Missense_Mutation,2846-03B-01W-0728-08
KIT,Frame_Shift_Del,2846-03B-01W-0728-08
KIT,Frame_Shift_Ins,2846-03B-01W-0728-08
MGAM,Missense_Mutation,2846-03B-01W-0728-08
OR4Q3,Missense_Mutation,2846-03B-01W-0728-08
SLC17A7,Missense_Mutation,2846-03B-01W-0728-08
TM9SF4,Missense_Mutation,2846-03B-01W-0728-08
TMEM47,Missense_Mutation,2846-03B-01W-0728-08
WSCD2,Missense_Mutation,2846-03B-01W-0728-08
WT1,Frame_Shift_Ins,2846-03B-01W-0728-08
ZFP42,Missense_Mutation,2846-03B-01W-0728-08
uc004amh.1,Missense_Mutation,2846-03B-01W-0728-08
ACSM2A,Missense_Mutation,2847-03B-01W-0728-08
ADAMTS16,Missense_Mutation,2847-03B-01W-0728-08
CRIPAK,Frame_Shift_Del,2847-03B-01W-0728-08
OR2AG1,Missense_Mutation,2847-03B-01W-0728-08
SCAND3,Missense_Mutation,2847-03B-01W-0728-08
U2AF1,Missense_Mutation,2847-03B-01W-0728-08
NPM1,Frame_Shift_Ins,2848-03B-01W-0728-08
CASP10,Missense_Mutation,2849-03B-01W-0728-08
DCTD,Missense_Mutation,2849-03B-01W-0728-08
DOCK8,Frame_Shift_Ins,2849-03B-01W-0728-08
GBP1,Missense_Mutation,2849-03B-01W-0728-08
GPR112,Missense_Mutation,2849-03B-01W-0728-08
KAT6B,Missense_Mutation,2849-03B-01W-0728-08
KDM3B,Missense_Mutation,2849-03B-01W-0728-08
LOC643827,Missense_Mutation,2849-03B-01W-0728-08
LRRFIP1,Missense_Mutation,2849-03B-01W-0728-08
MED21,Missense_Mutation,2849-03B-01W-0728-08
MEX3B,Missense_Mutation,2849-03B-01W-0728-08
MUC16,Missense_Mutation,2849-03B-01W-0728-08
NPM2,Intron,2849-03B-01W-0728-08
PRAMEF16,Missense_Mutation,2849-03B-01W-0728-08
PRAMEF2,Missense_Mutation,2849-03B-01W-0728-08
RAB15,Missense_Mutation,2849-03B-01W-0728-08
RBFOX2,Missense_Mutation,2849-03B-01W-0728-08
SNRNP200,Missense_Mutation,2849-03B-01W-0728-08
SPEN,Nonsense_Mutation,2849-03B-01W-0728-08
THRAP3,Missense_Mutation,2849-03B-01W-0728-08
TRIO,Missense_Mutation,2849-03B-01W-0728-08
ZPBP,Missense_Mutation,2849-03B-01W-0728-08
IDH2,Missense_Mutation,2850-03B-01W-0728-08
KIF2B,Missense_Mutation,2850-03B-01W-0728-08
NOTCH1,Missense_Mutation,2850-03B-01W-0728-08
RUNX1,Frame_Shift_Del,2850-03B-01W-0728-08
SRSF2,In_Frame_Del,2850-03B-01W-0728-08
STAG2,Splice_Site,2850-03B-01W-0728-08
BUB1,Missense_Mutation,2851-03B-01W-0728-08
DNMT3A,Frame_Shift_Del,2851-03B-01W-0728-08
SMC3,Nonsense_Mutation,2851-03B-01W-0728-08
SULF1,Missense_Mutation,2851-03B-01W-0728-08
TPRG1,Missense_Mutation,2851-03B-01W-0728-08
U2AF2,Frame_Shift_Ins,2851-03B-01W-0728-08
ANK2,Missense_Mutation,2853-03D-01W-0755-09
DNMT3A,Missense_Mutation,2853-03D-01W-0755-09
NPM1,Frame_Shift_Ins,2853-03D-01W-0755-09
SLC13A1,Missense_Mutation,2853-03D-01W-0755-09
SMC3,Missense_Mutation,2853-03D-01W-0755-09
SPTLC2,Missense_Mutation,2853-03D-01W-0755-09
ADAM11,Missense_Mutation,2854-03B-01W-0728-08
BUB3,Missense_Mutation,2854-03B-01W-0728-08
FRYL,Splice_Site,2854-03B-01W-0728-08
HEATR7B2,Missense_Mutation,2854-03B-01W-0728-08
MGAT5B,Missense_Mutation,2854-03B-01W-0728-08
PCDHB16,Missense_Mutation,2854-03B-01W-0728-08
PSME4,Missense_Mutation,2854-03B-01W-0728-08
TFAM,Missense_Mutation,2854-03B-01W-0728-08
VPS13D,Missense_Mutation,2854-03B-01W-0728-08
PHF6,Frame_Shift_Ins,2855-03B-01W-0728-08
PTPN11,Missense_Mutation,2855-03B-01W-0728-08
SAGE1,Missense_Mutation,2855-03B-01W-0728-08
TET1,Missense_Mutation,2855-03B-01W-0728-08
CDH16,Missense_Mutation,2857-03B-01W-0728-08
COL25A1,Splice_Site,2857-03B-01W-0728-08
CSMD3,Missense_Mutation,2857-03B-01W-0728-08
DOCK10,Missense_Mutation,2857-03B-01W-0728-08
JMJD1C,Missense_Mutation,2857-03B-01W-0728-08
LOC100128744,Missense_Mutation,2857-03B-01W-0728-08
MICAL2,Missense_Mutation,2857-03B-01W-0728-08
MMP25,Missense_Mutation,2857-03B-01W-0728-08
SCN1A,Missense_Mutation,2857-03B-01W-0728-08
TP53,Splice_Site,2857-03B-01W-0728-08
C12orf63,Missense_Mutation,2858-03D-01W-0755-09
CORIN,Missense_Mutation,2858-03D-01W-0755-09
DCDC5,Missense_Mutation,2858-03D-01W-0755-09
DNAI1,Missense_Mutation,2858-03D-01W-0755-09
GBP4,Missense_Mutation,2858-03D-01W-0755-09
GRIK4,Missense_Mutation,2858-03D-01W-0755-09
PCDHB9,Missense_Mutation,2858-03D-01W-0755-09
RAPGEF2,Nonsense_Mutation,2858-03D-01W-0755-09
SLTM,Missense_Mutation,2858-03D-01W-0755-09
SMC1A,Missense_Mutation,2858-03D-01W-0755-09
WAPAL,Missense_Mutation,2858-03D-01W-0755-09
DNMT3A,Missense_Mutation,2859-03B-01W-0728-08
FAM212B,Missense_Mutation,2859-03B-01W-0728-08
FAM58BP,Missense_Mutation,2859-03B-01W-0728-08
HNRNPK,Frame_Shift_Del,2859-03B-01W-0728-08
KRT13,Missense_Mutation,2859-03B-01W-0728-08
KRTAP4-2,Missense_Mutation,2859-03B-01W-0728-08
MT-CYB,Missense_Mutation,2859-03B-01W-0728-08
NPM1,Frame_Shift_Ins,2859-03B-01W-0728-08
OR51A7,Missense_Mutation,2859-03B-01W-0728-08
PRDM9,Missense_Mutation,2859-03B-01W-0728-08
USP10,Frame_Shift_Del,2859-03B-01W-0728-08
VPS26B,Missense_Mutation,2859-03B-01W-0728-08
DCHS2,Missense_Mutation,2860-03B-01W-0728-08
ENTPD1,Missense_Mutation,2860-03B-01W-0728-08
MNDA,Missense_Mutation,2860-03B-01W-0728-08
MUC16,Missense_Mutation,2860-03B-01W-0728-08
NPAS4,Missense_Mutation,2860-03B-01W-0728-08
PLOD1,Missense_Mutation,2860-03B-01W-0728-08
RYR1,Missense_Mutation,2860-03B-01W-0728-08
TP53,Frame_Shift_Ins,2860-03B-01W-0728-08
VN2R1P,Missense_Mutation,2860-03B-01W-0728-08
ZNF681,Frame_Shift_Del,2860-03B-01W-0728-08
ARHGEF5,Missense_Mutation,2861-03B-01W-0728-08
BNC2,Missense_Mutation,2861-03B-01W-0728-08
BTBD16,Missense_Mutation,2861-03B-01W-0728-08
DNMT3A,Nonsense_Mutation,2861-03B-01W-0728-08
GRWD1,Missense_Mutation,2861-03B-01W-0728-08
HDAC2,Missense_Mutation,2861-03B-01W-0728-08
KATNAL2,Missense_Mutation,2861-03B-01W-0728-08
KRAS,Missense_Mutation,2861-03B-01W-0728-08
MEFV,Missense_Mutation,2861-03B-01W-0728-08
MEPE,Missense_Mutation,2861-03B-01W-0728-08
NOMO2,Missense_Mutation,2861-03B-01W-0728-08
NPM1,Frame_Shift_Ins,2861-03B-01W-0728-08
PGM3,Missense_Mutation,2861-03B-01W-0728-08
TUSC3,Missense_Mutation,2861-03B-01W-0728-08
U2AF1,Missense_Mutation,2861-03B-01W-0728-08
WIPF1,Missense_Mutation,2861-03B-01W-0728-08
C17orf97,Missense_Mutation,2862-03B-01W-0728-08
DRD5P1,Missense_Mutation,2862-03B-01W-0728-08
EYA4,Missense_Mutation,2862-03B-01W-0728-08
HECW1,Missense_Mutation,2862-03B-01W-0728-08
NCCRP1,Missense_Mutation,2862-03B-01W-0728-08
TCEANC,Missense_Mutation,2862-03B-01W-0728-08
TCERG1L,Missense_Mutation,2862-03B-01W-0728-08
CEBPA,In_Frame_Del,2863-03D-01W-0755-09
DNMT3A,Missense_Mutation,2863-03D-01W-0755-09
EGFR,Missense_Mutation,2863-03D-01W-0755-09
FKBP8,Missense_Mutation,2863-03D-01W-0755-09
FN1,Nonsense_Mutation,2863-03D-01W-0755-09
GPRC5B,Missense_Mutation,2863-03D-01W-0755-09
HCLS1,Missense_Mutation,2863-03D-01W-0755-09
IDH1,Missense_Mutation,2863-03D-01W-0755-09
MCHR2,Missense_Mutation,2863-03D-01W-0755-09
MTA2,Missense_Mutation,2863-03D-01W-0755-09
RAB11FIP1,Missense_Mutation,2863-03D-01W-0755-09
RNF213,Missense_Mutation,2863-03D-01W-0755-09
SLCO3A1,Missense_Mutation,2863-03D-01W-0755-09
SLPI,Missense_Mutation,2863-03D-01W-0755-09
SMAD9,Missense_Mutation,2863-03D-01W-0755-09
ZMYND10,Missense_Mutation,2863-03D-01W-0755-09
ANKRD33,Missense_Mutation,2864-03D-01W-0755-09
ASB4,Splice_Site,2864-03D-01W-0755-09
ASXL1,Frame_Shift_Ins,2864-03D-01W-0755-09
ATP13A5,Missense_Mutation,2864-03D-01W-0755-09
C6orf118,Missense_Mutation,2864-03D-01W-0755-09
CASZ1,Missense_Mutation,2864-03D-01W-0755-09
CENPB,Nonsense_Mutation,2864-03D-01W-0755-09
DNMT3A,Missense_Mutation,2864-03D-01W-0755-09
ENSG00000211894,Missense_Mutation,2864-03D-01W-0755-09
IDH2,Missense_Mutation,2864-03D-01W-0755-09
KRAS,Missense_Mutation,2864-03D-01W-0755-09
PPP2R2B,Missense_Mutation,2864-03D-01W-0755-09
RPL6,Missense_Mutation,2864-03D-01W-0755-09
SLC6A9,Missense_Mutation,2864-03D-01W-0755-09
SMURF2,Missense_Mutation,2864-03D-01W-0755-09
CACNG2,Missense_Mutation,2865-03B-01W-0728-08
CLDN18,Missense_Mutation,2865-03B-01W-0728-08
DIS3,Missense_Mutation,2865-03B-01W-0728-08
EZH2,Splice_Site,2865-03B-01W-0728-08
JAK2,Missense_Mutation,2865-03B-01W-0728-08
KRAS,Missense_Mutation,2865-03B-01W-0728-08
MYOC,Nonsense_Mutation,2865-03B-01W-0728-08
PKHD1L1,Missense_Mutation,2865-03B-01W-0728-08
PLXNA4,Missense_Mutation,2865-03B-01W-0728-08
PRAMEF2,Missense_Mutation,2865-03B-01W-0728-08
RUNX1,Missense_Mutation,2865-03B-01W-0728-08
RUNX1,Missense_Mutation,2865-03B-01W-0728-08
SLC27A3,Nonsense_Mutation,2865-03B-01W-0728-08
TET2,Nonsense_Mutation,2865-03B-01W-0728-08
TET2,Frame_Shift_Ins,2865-03B-01W-0728-08
TET2,Frame_Shift_Ins,2865-03B-01W-0728-08
TTBK1,Missense_Mutation,2865-03B-01W-0728-08
IDH2,Missense_Mutation,2866-03B-01W-0728-08
CENPN,Missense_Mutation,2867-03B-01W-0728-08
DNMT3A,Missense_Mutation,2867-03B-01W-0728-08
DNMT3A,Missense_Mutation,2867-03B-01W-0728-08
IDH1,Missense_Mutation,2867-03B-01W-0728-08
KDM6A,Missense_Mutation,2867-03B-01W-0728-08
NID2,Missense_Mutation,2867-03B-01W-0728-08
OR2M3,Nonsense_Mutation,2867-03B-01W-0728-08
OXA1L,Missense_Mutation,2867-03B-01W-0728-08
SPATA21,Missense_Mutation,2867-03B-01W-0728-08
C1RL,Missense_Mutation,2868-03B-01W-0728-08
CATSPER4,Missense_Mutation,2868-03B-01W-0728-08
CSPG4,Missense_Mutation,2868-03B-01W-0728-08
EPPK1,Missense_Mutation,2868-03B-01W-0728-08
LRBA,Missense_Mutation,2868-03B-01W-0728-08
LZTS1,Missense_Mutation,2868-03B-01W-0728-08
MCART2,Missense_Mutation,2868-03B-01W-0728-08
PHACTR1,Missense_Mutation,2868-03B-01W-0728-08
PLEKHG2,Missense_Mutation,2868-03B-01W-0728-08
RFX4,Missense_Mutation,2868-03B-01W-0728-08
SPEN,Missense_Mutation,2868-03B-01W-0728-08
STK33,Missense_Mutation,2868-03B-01W-0728-08
TP53,Splice_Site,2868-03B-01W-0728-08
ZC3H18,Missense_Mutation,2868-03B-01W-0728-08
ZNF783,Missense_Mutation,2868-03B-01W-0728-08
ABCA4,Missense_Mutation,2869-03A-01W-0761-09
ATP10B,Missense_Mutation,2869-03A-01W-0761-09
C5,Missense_Mutation,2869-03A-01W-0761-09
DNMT3A,Nonsense_Mutation,2869-03A-01W-0761-09
NFKBIZ,Splice_Site,2869-03A-01W-0761-09
NPM1,Frame_Shift_Ins,2869-03A-01W-0761-09
PAX3,Missense_Mutation,2869-03A-01W-0761-09
SEMA6D,Missense_Mutation,2869-03A-01W-0761-09
ATG4C,Missense_Mutation,2870-03A-01W-0732-08
CDK13,Frame_Shift_Del,2870-03A-01W-0732-08
COL12A1,Missense_Mutation,2870-03A-01W-0732-08
COL5A3,Missense_Mutation,2870-03A-01W-0732-08
NRAS,Missense_Mutation,2870-03A-01W-0732-08
POLR3B,Missense_Mutation,2870-03A-01W-0732-08
SEMA4A,Missense_Mutation,2870-03A-01W-0732-08
SPEG,Nonsense_Mutation,2870-03A-01W-0732-08
ATG14,Missense_Mutation,2871-03A-01W-0732-08
COL12A1,Missense_Mutation,2871-03A-01W-0732-08
ELF4,Missense_Mutation,2871-03A-01W-0732-08
HEATR4,Missense_Mutation,2871-03A-01W-0732-08
KCNJ6,Missense_Mutation,2871-03A-01W-0732-08
LRFN3,Missense_Mutation,2871-03A-01W-0732-08
NEB,Missense_Mutation,2871-03A-01W-0732-08
NPM1,Frame_Shift_Ins,2871-03A-01W-0732-08
PTPN11,Missense_Mutation,2871-03A-01W-0732-08
RAP1GDS1,Missense_Mutation,2871-03A-01W-0732-08
STAG2,Splice_Site,2871-03A-01W-0732-08
THRAP3,Nonsense_Mutation,2871-03A-01W-0732-08
TMEM55A,Missense_Mutation,2871-03A-01W-0732-08
VPS13C,Missense_Mutation,2871-03A-01W-0732-08
CALR,Frame_Shift_Ins,2872-03A-01W-0732-08
DCHS2,Missense_Mutation,2872-03A-01W-0732-08
DYRK4,Missense_Mutation,2872-03A-01W-0732-08
EXD1,Nonsense_Mutation,2872-03A-01W-0732-08
NMUR2,Missense_Mutation,2872-03A-01W-0732-08
PCDH11X,Missense_Mutation,2872-03A-01W-0732-08
SCAF8,Missense_Mutation,2872-03A-01W-0732-08
TCL1A,Missense_Mutation,2872-03A-01W-0732-08
TJAP1,Missense_Mutation,2872-03A-01W-0732-08
TTN,Missense_Mutation,2872-03A-01W-0732-08
DNMT3A,Missense_Mutation,2873-03A-01W-0732-08
TET2,Frame_Shift_Del,2873-03A-01W-0732-08
AURKC,Missense_Mutation,2874-03A-01W-0732-08
CCDC60,Missense_Mutation,2874-03A-01W-0732-08
CEBPA,Missense_Mutation,2874-03A-01W-0732-08
ETV3,Missense_Mutation,2874-03A-01W-0732-08
FCGBP,Missense_Mutation,2874-03A-01W-0732-08
GPATCH8,Missense_Mutation,2874-03A-01W-0732-08
GREM2,Missense_Mutation,2874-03A-01W-0732-08
IDH2,Missense_Mutation,2874-03A-01W-0732-08
LOC257039,Frame_Shift_Del,2874-03A-01W-0732-08
MEFV,Missense_Mutation,2874-03A-01W-0732-08
OR6B2,Missense_Mutation,2874-03A-01W-0732-08
PDCD2L,Missense_Mutation,2874-03A-01W-0732-08
SLITRK1,Missense_Mutation,2874-03A-01W-0732-08
SMG1,Missense_Mutation,2874-03A-01W-0732-08
WT1,Missense_Mutation,2874-03A-01W-0732-08
BMPER,Missense_Mutation,2875-03A-01W-0732-08
CADM3,Missense_Mutation,2875-03A-01W-0732-08
CEP290,Missense_Mutation,2875-03A-01W-0732-08
FLG,Missense_Mutation,2875-03A-01W-0732-08
MAP2,Missense_Mutation,2875-03A-01W-0732-08
MYLK,Missense_Mutation,2875-03A-01W-0732-08
PPP1R3A,Missense_Mutation,2875-03A-01W-0732-08
SULT1B1,Missense_Mutation,2875-03A-01W-0732-08
BRS3,Missense_Mutation,2876-03A-01W-0732-08
EED,Nonsense_Mutation,2876-03A-01W-0732-08
MYF5,Missense_Mutation,2876-03A-01W-0732-08
MYO3A,Missense_Mutation,2876-03A-01W-0732-08
PHACTR1,Frame_Shift_Ins,2876-03A-01W-0732-08
SCARA5,Missense_Mutation,2876-03A-01W-0732-08
TDRD10,Missense_Mutation,2876-03A-01W-0732-08
TET2,Nonsense_Mutation,2876-03A-01W-0732-08
TET2,Frame_Shift_Del,2876-03A-01W-0732-08
ELMOD1,Missense_Mutation,2877-03A-01W-0732-08
ENSG00000211619,Missense_Mutation,2877-03A-01W-0732-08
FAM40B,Missense_Mutation,2877-03A-01W-0732-08
FLRT1,Missense_Mutation,2877-03A-01W-0732-08
GPR112,Missense_Mutation,2877-03A-01W-0732-08
IDH2,Missense_Mutation,2877-03A-01W-0732-08
IGSF9B,Missense_Mutation,2877-03A-01W-0732-08
ILDR1,Missense_Mutation,2877-03A-01W-0732-08
KLF15,Missense_Mutation,2877-03A-01W-0732-08
LRRC58,Missense_Mutation,2877-03A-01W-0732-08
N4BP1,Missense_Mutation,2877-03A-01W-0732-08
NPM1,Frame_Shift_Ins,2877-03A-01W-0732-08
PKNOX1,Missense_Mutation,2877-03A-01W-0732-08
PMS2P5,Missense_Mutation,2877-03A-01W-0732-08
PRG-3,Missense_Mutation,2877-03A-01W-0732-08
SACS,Missense_Mutation,2877-03A-01W-0732-08
STEAP1,Missense_Mutation,2877-03A-01W-0732-08
TROAP,Missense_Mutation,2877-03A-01W-0732-08
UNC45B,Missense_Mutation,2877-03A-01W-0732-08
USP11,Missense_Mutation,2877-03A-01W-0732-08
XKR4,Missense_Mutation,2877-03A-01W-0732-08
CACNA1E,Missense_Mutation,2878-03A-01W-0732-08
CHD4,Missense_Mutation,2878-03A-01W-0732-08
CROCC,Missense_Mutation,2878-03A-01W-0732-08
EGFR,Missense_Mutation,2878-03A-01W-0732-08
FBN1,Missense_Mutation,2878-03A-01W-0732-08
HERC2P2,Missense_Mutation,2878-03A-01W-0732-08
LOC649299,Nonsense_Mutation,2878-03A-01W-0732-08
NR2E1,Missense_Mutation,2878-03A-01W-0732-08
PTPN14,Missense_Mutation,2878-03A-01W-0732-08
RIT1,Missense_Mutation,2878-03A-01W-0732-08
SPDYA,Missense_Mutation,2878-03A-01W-0732-08
STT3B,Missense_Mutation,2878-03A-01W-0732-08
TP53,Missense_Mutation,2878-03A-01W-0732-08
TP53,Frame_Shift_Del,2878-03A-01W-0732-08
VPS72,Missense_Mutation,2878-03A-01W-0732-08
NPM1,Frame_Shift_Ins,2879-03A-01W-0732-08
TET2,Frame_Shift_Del,2879-03A-01W-0732-08
TET2,Nonsense_Mutation,2879-03A-01W-0732-08
TRPM3,Missense_Mutation,2879-03A-01W-0732-08
CEBPA,Frame_Shift_Ins,2880-03A-01W-0732-08
C6orf170,Missense_Mutation,2881-03A-01W-0732-08
GNA15,Missense_Mutation,2881-03A-01W-0732-08
KIT,Missense_Mutation,2881-03A-01W-0732-08
KLHL2,Missense_Mutation,2881-03A-01W-0732-08
LRRC15,Missense_Mutation,2881-03A-01W-0732-08
RUNX1T1,Nonsense_Mutation,2881-03A-01W-0732-08
SOGA2,Missense_Mutation,2881-03A-01W-0732-08
ALG6,Missense_Mutation,2882-03A-01W-0761-09
BCHE,Frame_Shift_Del,2882-03A-01W-0761-09
DNMT3B,Missense_Mutation,2882-03A-01W-0761-09
DYNC2H1,Missense_Mutation,2882-03A-01W-0761-09
DYSF,Missense_Mutation,2882-03A-01W-0761-09
KLHDC3,Missense_Mutation,2882-03A-01W-0761-09
NIPSNAP1,Missense_Mutation,2882-03A-01W-0761-09
PKHD1,Missense_Mutation,2882-03A-01W-0761-09
RCC2,Missense_Mutation,2882-03A-01W-0761-09
SCAF8,Missense_Mutation,2882-03A-01W-0761-09
SDK1,Missense_Mutation,2882-03A-01W-0761-09
SMG1,Missense_Mutation,2882-03A-01W-0761-09
TMCO5A,Missense_Mutation,2882-03A-01W-0761-09
TRPM3,Missense_Mutation,2882-03A-01W-0761-09
U2AF1,Missense_Mutation,2882-03A-01W-0761-09
KDM6A,Splice_Site,2883-03A-01W-0732-08
DNMT3A,Missense_Mutation,2884-03A-01W-0732-08
IDH1,Missense_Mutation,2884-03A-01W-0732-08
IFI44,Missense_Mutation,2884-03A-01W-0732-08
KCNK13,Frame_Shift_Ins,2884-03A-01W-0732-08
NPM1,Frame_Shift_Ins,2884-03A-01W-0732-08
PTPN11,Missense_Mutation,2884-03A-01W-0732-08
ASXL3,Missense_Mutation,2885-03A-01W-0732-08
BSN,Missense_Mutation,2885-03A-01W-0732-08
FAM40B,Missense_Mutation,2885-03A-01W-0732-08
FOXP4,Frame_Shift_Ins,2885-03A-01W-0732-08
ITGA10,Missense_Mutation,2885-03A-01W-0732-08
LRP1B,Missense_Mutation,2885-03A-01W-0732-08
MRE11A,Missense_Mutation,2885-03A-01W-0732-08
MTMR8,Missense_Mutation,2885-03A-01W-0732-08
PTPN11,Missense_Mutation,2885-03A-01W-0732-08
PTPRT,Missense_Mutation,2885-03A-01W-0732-08
RFX3,Missense_Mutation,2885-03A-01W-0732-08
TP53,Missense_Mutation,2885-03A-01W-0732-08
XIRP2,Missense_Mutation,2885-03A-01W-0732-08
C17orf97,Missense_Mutation,2886-03A-01W-0732-08
CLCN1,Missense_Mutation,2886-03A-01W-0732-08
CNTNAP5,Missense_Mutation,2886-03A-01W-0732-08
DNAH11,Missense_Mutation,2886-03A-01W-0732-08
GIGYF2,Frame_Shift_Ins,2886-03A-01W-0732-08
ITPR3,Missense_Mutation,2886-03A-01W-0732-08
JAK3,Missense_Mutation,2886-03A-01W-0732-08
LOC643563,Missense_Mutation,2886-03A-01W-0732-08
PI4KA,Missense_Mutation,2886-03A-01W-0732-08
PKD1L2,Missense_Mutation,2886-03A-01W-0732-08
PLXND1,Frame_Shift_Ins,2886-03A-01W-0732-08
RAD21,Frame_Shift_Del,2886-03A-01W-0732-08
RAP1B,Missense_Mutation,2886-03A-01W-0732-08
TSKS,Missense_Mutation,2886-03A-01W-0732-08
ABCC3,Missense_Mutation,2887-03A-01W-0732-08
BRWD3,Missense_Mutation,2887-03A-01W-0732-08
CYP4F2,Missense_Mutation,2887-03A-01W-0732-08
DNMT3A,Missense_Mutation,2887-03A-01W-0732-08
EZH2,Missense_Mutation,2887-03A-01W-0732-08
FGD6,Missense_Mutation,2887-03A-01W-0732-08
IDH1,Missense_Mutation,2887-03A-01W-0732-08
LAMA2,Missense_Mutation,2887-03A-01W-0732-08
NRAS,Missense_Mutation,2887-03A-01W-0732-08
PRKD3,Missense_Mutation,2887-03A-01W-0732-08
TMEM108,Missense_Mutation,2887-03A-01W-0732-08
TMEM18,Missense_Mutation,2887-03A-01W-0732-08
ARHGAP18,Frame_Shift_Del,2888-03A-01W-0732-08
ASB15,Missense_Mutation,2888-03A-01W-0732-08
BRMS1,Nonsense_Mutation,2888-03A-01W-0732-08
CPNE3,Missense_Mutation,2888-03A-01W-0732-08
DDX23,Missense_Mutation,2888-03A-01W-0732-08
HLA-B,Missense_Mutation,2888-03A-01W-0732-08
KIT,In_Frame_Ins,2888-03A-01W-0732-08
ATRNL1,Missense_Mutation,2889-03A-01W-0732-08
MXRA5,Missense_Mutation,2889-03A-01W-0732-08
ADNP,Missense_Mutation,2890-03A-01W-0732-08
CNOT6L,Missense_Mutation,2890-03A-01W-0732-08
CYP4F12,Missense_Mutation,2890-03A-01W-0732-08
EGFLAM,Missense_Mutation,2890-03A-01W-0732-08
LRIT1,Missense_Mutation,2890-03A-01W-0732-08
RUNX1,Nonsense_Mutation,2890-03A-01W-0732-08
TBC1D10A,Frame_Shift_Ins,2890-03A-01W-0732-08
BSN,Missense_Mutation,2891-03A-01W-0733-08
C11orf70,Missense_Mutation,2891-03A-01W-0733-08
CCL21,Missense_Mutation,2891-03A-01W-0733-08
CLPX,Missense_Mutation,2891-03A-01W-0733-08
CUL9,Missense_Mutation,2891-03A-01W-0733-08
DNMT3A,Missense_Mutation,2891-03A-01W-0733-08
DNMT3A,Splice_Site,2891-03A-01W-0733-08
EPHA10,Missense_Mutation,2891-03A-01W-0733-08
ETV6,Missense_Mutation,2891-03A-01W-0733-08
FANCC,Missense_Mutation,2891-03A-01W-0733-08
GABRB1,Missense_Mutation,2891-03A-01W-0733-08
IDH2,Missense_Mutation,2891-03A-01W-0733-08
MAP6,Missense_Mutation,2891-03A-01W-0733-08
PDCD2L,Missense_Mutation,2891-03A-01W-0733-08
EPB41L3,Frame_Shift_Ins,2892-03A-01W-0733-08
NRAS,Missense_Mutation,2892-03A-01W-0733-08
ADAMTS1,Missense_Mutation,2894-03A-01W-0733-08
CRISPLD1,Missense_Mutation,2894-03A-01W-0733-08
PLEC,Missense_Mutation,2894-03A-01W-0733-08
ATP10B,Missense_Mutation,2895-03A-01W-0733-08
CAND1,Missense_Mutation,2895-03A-01W-0733-08
DCAF8,Missense_Mutation,2895-03A-01W-0733-08
DHX32,Missense_Mutation,2895-03A-01W-0733-08
DNMT3A,Missense_Mutation,2895-03A-01W-0733-08
DOCK2,Splice_Site,2895-03A-01W-0733-08
GUCY2D,Missense_Mutation,2895-03A-01W-0733-08
NPM1,Frame_Shift_Ins,2895-03A-01W-0733-08
PRDM16,Missense_Mutation,2895-03A-01W-0733-08
SH3TC2,Missense_Mutation,2895-03A-01W-0733-08
TBX18,Missense_Mutation,2895-03A-01W-0733-08
DNMT3A,Missense_Mutation,2896-03A-01W-0733-08
NPM1,Frame_Shift_Ins,2896-03A-01W-0733-08
SLC39A5,Frame_Shift_Ins,2896-03A-01W-0733-08
AKD1,Missense_Mutation,2897-03A-01W-0733-08
CALR,Splice_Site,2897-03A-01W-0733-08
MLLT4,Missense_Mutation,2897-03A-01W-0733-08
MSRB1,Missense_Mutation,2897-03A-01W-0733-08
OR11H12,Missense_Mutation,2897-03A-01W-0733-08
PHIP,Missense_Mutation,2897-03A-01W-0733-08
ASXL2,Frame_Shift_Ins,2898-03A-01W-0733-08
ATP2C1,Missense_Mutation,2898-03A-01W-0733-08
CRISPLD1,Missense_Mutation,2898-03A-01W-0733-08
DNMT3A,Splice_Site,2898-03A-01W-0733-08
DNMT3A,Missense_Mutation,2898-03A-01W-0733-08
DOPEY2,Missense_Mutation,2898-03A-01W-0733-08
IDH2,Missense_Mutation,2898-03A-01W-0733-08
MPI,In_Frame_Del,2898-03A-01W-0733-08
PCDH15,Missense_Mutation,2898-03A-01W-0733-08
SEL1L2,Missense_Mutation,2898-03A-01W-0733-08
TET1,Missense_Mutation,2898-03A-01W-0733-08
USP24,Splice_Site,2898-03A-01W-0733-08
ALG13,Missense_Mutation,2899-03A-01W-0733-08
C7,In_Frame_Del,2899-03A-01W-0733-08
DUSP1,Missense_Mutation,2899-03A-01W-0733-08
IMMP2L,Missense_Mutation,2899-03A-01W-0733-08
KCNH2,Missense_Mutation,2899-03A-01W-0733-08
OIT3,Missense_Mutation,2899-03A-01W-0733-08
QRICH2,Missense_Mutation,2899-03A-01W-0733-08
RUNX1,Missense_Mutation,2899-03A-01W-0733-08
SETBP1,Missense_Mutation,2899-03A-01W-0733-08
SLC7A7,Missense_Mutation,2899-03A-01W-0733-08
TCEAL6,Missense_Mutation,2899-03A-01W-0733-08
UBN2,Missense_Mutation,2899-03A-01W-0733-08
ANKRD12,Missense_Mutation,2900-03A-01W-0733-08
CEBPA,Frame_Shift_Ins,2900-03A-01W-0733-08
CECR2,Missense_Mutation,2900-03A-01W-0733-08
EPGN,Missense_Mutation,2900-03A-01W-0733-08
GABRG2,Missense_Mutation,2900-03A-01W-0733-08
GRIK2,Missense_Mutation,2900-03A-01W-0733-08
HADH,Missense_Mutation,2900-03A-01W-0733-08
KCNT1,Missense_Mutation,2900-03A-01W-0733-08
KLHDC7A,Missense_Mutation,2900-03A-01W-0733-08
LRP5,Missense_Mutation,2900-03A-01W-0733-08
MT-CYB,Missense_Mutation,2900-03A-01W-0733-08
NOTCH2,Missense_Mutation,2900-03A-01W-0733-08
NPM1,Frame_Shift_Ins,2900-03A-01W-0733-08
PCDH1,Missense_Mutation,2900-03A-01W-0733-08
SCTR,Missense_Mutation,2900-03A-01W-0733-08
SMC1A,Nonsense_Mutation,2900-03A-01W-0733-08
SPEN,Missense_Mutation,2900-03A-01W-0733-08
AGBL2,Missense_Mutation,2901-03A-01W-0733-08
C16orf57,Missense_Mutation,2901-03A-01W-0733-08
IDH1,Missense_Mutation,2901-03A-01W-0733-08
LYRM5,Missense_Mutation,2901-03A-01W-0733-08
OR52E8,Missense_Mutation,2901-03A-01W-0733-08
RYR3,Missense_Mutation,2901-03A-01W-0733-08
MT-CO2,Missense_Mutation,2903-03A-01W-0761-09
NPM1,Frame_Shift_Ins,2903-03A-01W-0761-09
BMP6,Missense_Mutation,2904-03A-01W-0732-08
C4BPB,Missense_Mutation,2904-03A-01W-0732-08
C9orf93,Missense_Mutation,2904-03A-01W-0732-08
CSTF2T,Missense_Mutation,2904-03A-01W-0732-08
KCNH8,Missense_Mutation,2904-03A-01W-0732-08
KCNN3,Missense_Mutation,2904-03A-01W-0732-08
MT-CYB,Missense_Mutation,2904-03A-01W-0732-08
NCKAP5,Missense_Mutation,2904-03A-01W-0732-08
NPNT,Missense_Mutation,2904-03A-01W-0732-08
OR2AJ1,Missense_Mutation,2904-03A-01W-0732-08
PCDHGA5,Missense_Mutation,2904-03A-01W-0732-08
PKHD1L1,Missense_Mutation,2904-03A-01W-0732-08
PRPF8,Missense_Mutation,2904-03A-01W-0732-08
SNED1,Missense_Mutation,2904-03A-01W-0732-08
SPG11,Missense_Mutation,2904-03A-01W-0732-08
TP53,Missense_Mutation,2904-03A-01W-0732-08
WDR27,Missense_Mutation,2904-03A-01W-0732-08
ABCG8,Missense_Mutation,2905-03A-01D-0739-09
BICD1,Missense_Mutation,2905-03A-01D-0739-09
C1orf168,Missense_Mutation,2905-03A-01D-0739-09
CSMD1,Frame_Shift_Del,2905-03A-01D-0739-09
CYBB,Missense_Mutation,2905-03A-01D-0739-09
FAM19A4,Missense_Mutation,2905-03A-01D-0739-09
IL1R1,Missense_Mutation,2905-03A-01D-0739-09
JAM2,Missense_Mutation,2905-03A-01D-0739-09
NAPA,Missense_Mutation,2905-03A-01D-0739-09
NAV1,Missense_Mutation,2905-03A-01D-0739-09
NOS1,Missense_Mutation,2905-03A-01D-0739-09
PAPPA2,Missense_Mutation,2905-03A-01D-0739-09
PARP6,Missense_Mutation,2905-03A-01D-0739-09
PLRG1,Missense_Mutation,2905-03A-01D-0739-09
RNF111,Nonsense_Mutation,2905-03A-01D-0739-09
UGT1A10,Missense_Mutation,2905-03A-01D-0739-09
WT1,Frame_Shift_Ins,2905-03A-01D-0739-09
ADAM11,Missense_Mutation,2906-03A-01D-0739-09
AURKB,Missense_Mutation,2906-03A-01D-0739-09
CCDC57,Missense_Mutation,2906-03A-01D-0739-09
COL9A1,Missense_Mutation,2906-03A-01D-0739-09
EPHB1,Nonsense_Mutation,2906-03A-01D-0739-09
IKZF1,Missense_Mutation,2906-03A-01D-0739-09
IL17RD,Nonsense_Mutation,2906-03A-01D-0739-09
LOC100133292,Missense_Mutation,2906-03A-01D-0739-09
PTPRG,Missense_Mutation,2906-03A-01D-0739-09
THEG,Missense_Mutation,2906-03A-01D-0739-09
ALS2CR11,Missense_Mutation,2907-03A-01D-0739-09
ASXL1,Nonsense_Mutation,2907-03A-01D-0739-09
CLVS2,Missense_Mutation,2907-03A-01D-0739-09
FKTN,Splice_Site,2907-03A-01D-0739-09
FRZB,Missense_Mutation,2907-03A-01D-0739-09
GDF10,Missense_Mutation,2907-03A-01D-0739-09
IDH2,Missense_Mutation,2907-03A-01D-0739-09
RCAN2,Missense_Mutation,2907-03A-01D-0739-09
RUNX1,Splice_Site,2907-03A-01D-0739-09
TTN,Missense_Mutation,2907-03A-01D-0739-09
UQCR10,Missense_Mutation,2907-03A-01D-0739-09
WLS,Missense_Mutation,2907-03A-01D-0739-09
ZNF236,Missense_Mutation,2907-03A-01D-0739-09
ZNF324B,Missense_Mutation,2907-03A-01D-0739-09
ARID1A,Missense_Mutation,2908-03A-01W-0745-08
C1orf105,Frame_Shift_Del,2908-03A-01W-0745-08
CNTNAP4,Missense_Mutation,2908-03A-01W-0745-08
DNMT3A,Missense_Mutation,2908-03A-01W-0745-08
ESCO2,Missense_Mutation,2908-03A-01W-0745-08
FLJ43860,Missense_Mutation,2908-03A-01W-0745-08
GRM3,Missense_Mutation,2908-03A-01W-0745-08
KDM3B,Frame_Shift_Del,2908-03A-01W-0745-08
MT-CO1,Missense_Mutation,2908-03A-01W-0745-08
PCDHA8,Missense_Mutation,2908-03A-01W-0745-08
SLAMF7,Missense_Mutation,2908-03A-01W-0745-08
SMC3,Missense_Mutation,2908-03A-01W-0745-08
STK32A,Nonsense_Mutation,2908-03A-01W-0745-08
TET2,Nonsense_Mutation,2908-03A-01W-0745-08
TJP1,Missense_Mutation,2908-03A-01W-0745-08
TMPRSS13,Missense_Mutation,2908-03A-01W-0745-08
TP53,Nonsense_Mutation,2908-03A-01W-0745-08
TP53,Missense_Mutation,2908-03A-01W-0745-08
AFF4,Missense_Mutation,2910-03A-01W-0745-08
ARHGAP40,Missense_Mutation,2910-03A-01W-0745-08
ATF7IP,Frame_Shift_Del,2910-03A-01W-0745-08
ATP2B3,Missense_Mutation,2910-03A-01W-0745-08
CIC,Missense_Mutation,2910-03A-01W-0745-08
CKAP4,Missense_Mutation,2910-03A-01W-0745-08
KCNE3,Missense_Mutation,2910-03A-01W-0745-08
MBTPS1,Missense_Mutation,2910-03A-01W-0745-08
WEE2,Missense_Mutation,2910-03A-01W-0745-08
ZBTB7B,Missense_Mutation,2910-03A-01W-0745-08
ADRBK1,Splice_Site,2911-03A-01W-0732-08
IGHG3,Nonsense_Mutation,2911-03A-01W-0732-08
MYH15,Missense_Mutation,2911-03A-01W-0732-08
ZMAT1,Frame_Shift_Del,2911-03A-01W-0732-08
ADSS,Splice_Site,2912-03A-01W-0732-08
BCAN,Missense_Mutation,2912-03A-01W-0732-08
DNMT3A,Missense_Mutation,2912-03A-01W-0732-08
DOCK1,Missense_Mutation,2912-03A-01W-0732-08
DUSP26,Missense_Mutation,2912-03A-01W-0732-08
ILDR1,Missense_Mutation,2912-03A-01W-0732-08
KCNU1,Nonsense_Mutation,2912-03A-01W-0732-08
KHDRBS3,Missense_Mutation,2912-03A-01W-0732-08
KRT19,Missense_Mutation,2912-03A-01W-0732-08
PHF6,Frame_Shift_Ins,2912-03A-01W-0732-08
POC1A,Missense_Mutation,2912-03A-01W-0732-08
PUS1,Missense_Mutation,2912-03A-01W-0732-08
RPS6KA6,Missense_Mutation,2912-03A-01W-0732-08
RUNX1,Missense_Mutation,2912-03A-01W-0732-08
SCN3A,Missense_Mutation,2912-03A-01W-0732-08
SMC3,Missense_Mutation,2912-03A-01W-0732-08
U2AF1,Missense_Mutation,2912-03A-01W-0732-08
UQCC,Missense_Mutation,2912-03A-01W-0732-08
ZNF638,Missense_Mutation,2912-03A-01W-0732-08
ADAMTS17,Missense_Mutation,2913-03A-01W-0732-08
ATP2B2,Missense_Mutation,2913-03A-01W-0732-08
EPPK1,Missense_Mutation,2913-03A-01W-0732-08
HSD17B1,Missense_Mutation,2913-03A-01W-0732-08
MST1,Splice_Site,2913-03A-01W-0732-08
NPM1,Frame_Shift_Ins,2913-03A-01W-0732-08
RGNEF,Missense_Mutation,2913-03A-01W-0732-08
STAG2,Splice_Site,2913-03A-01W-0732-08
WT1,Splice_Site,2913-03A-01W-0732-08
ZNF548,Missense_Mutation,2913-03A-01W-0732-08
ZNF646,Missense_Mutation,2913-03A-01W-0732-08
CBL,Splice_Site,2914-03A-01W-0732-08
CPXM2,Frame_Shift_Del,2914-03A-01W-0732-08
DLC1,Missense_Mutation,2914-03A-01W-0732-08
GRB10,Missense_Mutation,2914-03A-01W-0732-08
ISLR,Missense_Mutation,2914-03A-01W-0732-08
KANSL1,Frame_Shift_Ins,2914-03A-01W-0732-08
KIF1C,Nonsense_Mutation,2914-03A-01W-0732-08
LAS1L,Missense_Mutation,2914-03A-01W-0732-08
LPPR4,Missense_Mutation,2914-03A-01W-0732-08
OR52D1,Nonsense_Mutation,2914-03A-01W-0732-08
PTPN11,Missense_Mutation,2914-03A-01W-0732-08
SERPINB4,Missense_Mutation,2914-03A-01W-0732-08
SORCS3,Missense_Mutation,2914-03A-01W-0732-08
STRN,In_Frame_Del,2914-03A-01W-0732-08
THOC5,Missense_Mutation,2914-03A-01W-0732-08
ZFC3H1,Missense_Mutation,2914-03A-01W-0732-08
ARHGEF10L,Missense_Mutation,2915-03A-01W-0745-08
C3orf67,Missense_Mutation,2915-03A-01W-0745-08
FLG,Missense_Mutation,2915-03A-01W-0745-08
GALNTL4,Missense_Mutation,2915-03A-01W-0745-08
NAA15,Nonsense_Mutation,2915-03A-01W-0745-08
NPM1,Missense_Mutation,2915-03A-01W-0745-08
NR2E1,Missense_Mutation,2915-03A-01W-0745-08
SERPINB12,Missense_Mutation,2915-03A-01W-0745-08
SSSCA1,In_Frame_Del,2915-03A-01W-0745-08
TLE6,Missense_Mutation,2915-03A-01W-0745-08
VWA3B,Frame_Shift_Ins,2915-03A-01W-0745-08
WDR35,Missense_Mutation,2915-03A-01W-0745-08
WNK3,Missense_Mutation,2915-03A-01W-0745-08
ARL3,Missense_Mutation,2916-03A-01W-0732-08
BTD,Missense_Mutation,2916-03A-01W-0732-08
CSMD1,Missense_Mutation,2916-03A-01W-0732-08
DNMT3A,Missense_Mutation,2916-03A-01W-0732-08
KCNA4,Missense_Mutation,2916-03A-01W-0732-08
MT-CYB,Missense_Mutation,2916-03A-01W-0732-08
MYB,Missense_Mutation,2916-03A-01W-0732-08
OR2T10,Nonsense_Mutation,2916-03A-01W-0732-08
PHACTR1,Frame_Shift_Ins,2916-03A-01W-0732-08
TRIP4,Splice_Site,2916-03A-01W-0732-08
BAIAP2L1,Missense_Mutation,2917-03A-01W-0732-08
C9orf174,Missense_Mutation,2917-03A-01W-0732-08
CDK11A,Nonsense_Mutation,2917-03A-01W-0732-08
COL12A1,Missense_Mutation,2917-03A-01W-0732-08
DBX2,Missense_Mutation,2917-03A-01W-0732-08
DIAPH2,Missense_Mutation,2917-03A-01W-0732-08
GJB3,Nonsense_Mutation,2917-03A-01W-0732-08
KRAS,Missense_Mutation,2917-03A-01W-0732-08
LOC100128936,Missense_Mutation,2917-03A-01W-0732-08
LTBP3,Missense_Mutation,2917-03A-01W-0732-08
MED12,Missense_Mutation,2917-03A-01W-0732-08
OR7D4,Missense_Mutation,2917-03A-01W-0732-08
PDC,Missense_Mutation,2917-03A-01W-0732-08
SCN1A,Missense_Mutation,2917-03A-01W-0732-08
SETBP1,Missense_Mutation,2917-03A-01W-0732-08
SLC7A13,Missense_Mutation,2917-03A-01W-0732-08
DNMT3A,Missense_Mutation,2919-03A-01W-0745-08
FAM48A,Missense_Mutation,2919-03A-01W-0745-08
GRIK2,Missense_Mutation,2919-03A-01W-0745-08
IDH1,Missense_Mutation,2919-03A-01W-0745-08
IGLV3-27,Nonsense_Mutation,2919-03A-01W-0745-08
NPM1,Frame_Shift_Ins,2919-03A-01W-0745-08
RBBP4,Missense_Mutation,2919-03A-01W-0745-08
RIF1,Missense_Mutation,2919-03A-01W-0745-08
UBP1,Missense_Mutation,2919-03A-01W-0745-08
WT1,Missense_Mutation,2919-03A-01W-0745-08
ABCF1,Missense_Mutation,2920-03A-01W-0732-08
ACTL7A,Missense_Mutation,2920-03A-01W-0732-08
ARHGEF1,Missense_Mutation,2920-03A-01W-0732-08
CBX7,Frame_Shift_Ins,2920-03A-01W-0732-08
CBX7,Frame_Shift_Ins,2920-03A-01W-0732-08
ENSG00000204989,Missense_Mutation,2920-03A-01W-0732-08
FAM166A,Missense_Mutation,2920-03A-01W-0732-08
KCNA4,Missense_Mutation,2920-03A-01W-0732-08
NF1,Missense_Mutation,2920-03A-01W-0732-08
OR3A2,Missense_Mutation,2920-03A-01W-0732-08
PEAR1,Missense_Mutation,2920-03A-01W-0732-08
APOB,Missense_Mutation,2921-03A-01W-0755-09
EHD2,Missense_Mutation,2921-03A-01W-0755-09
GPR128,Missense_Mutation,2921-03A-01W-0755-09
GPX2,Missense_Mutation,2921-03A-01W-0755-09
MAGI3,Missense_Mutation,2921-03A-01W-0755-09
NLRC4,Missense_Mutation,2921-03A-01W-0755-09
PLA2G2D,Missense_Mutation,2921-03A-01W-0755-09
ARID4B,Missense_Mutation,2922-03A-01W-0745-08
CBX5,Nonsense_Mutation,2922-03A-01W-0745-08
CHIC2,Missense_Mutation,2922-03A-01W-0745-08
ENSG00000124399,Missense_Mutation,2922-03A-01W-0745-08
FAT4,Missense_Mutation,2922-03A-01W-0745-08
KCNK13,Missense_Mutation,2922-03A-01W-0745-08
KCNU1,Missense_Mutation,2922-03A-01W-0745-08
KIAA1683,Frame_Shift_Ins,2922-03A-01W-0745-08
MTA2,Missense_Mutation,2922-03A-01W-0745-08
NECAB2,Missense_Mutation,2922-03A-01W-0745-08
PCDHB1,Missense_Mutation,2922-03A-01W-0745-08
ACPL2,Missense_Mutation,2923-03A-01W-0745-08
ASB11,Missense_Mutation,2923-03A-01W-0745-08
CAGE1,Missense_Mutation,2923-03A-01W-0745-08
CCL20,Missense_Mutation,2923-03A-01W-0745-08
CGN,Missense_Mutation,2923-03A-01W-0745-08
CR1,Missense_Mutation,2923-03A-01W-0745-08
DST,Missense_Mutation,2923-03A-01W-0745-08
FCGBP,Missense_Mutation,2923-03A-01W-0745-08
IGLV3-22,Missense_Mutation,2923-03A-01W-0745-08
MBOAT1,Frame_Shift_Del,2923-03A-01W-0745-08
MEGF10,Missense_Mutation,2923-03A-01W-0745-08
NRAS,Missense_Mutation,2923-03A-01W-0745-08
OR5W2,Missense_Mutation,2923-03A-01W-0745-08
PGBD1,Missense_Mutation,2923-03A-01W-0745-08
PPL,Missense_Mutation,2923-03A-01W-0745-08
RNF25,Missense_Mutation,2923-03A-01W-0745-08
STRC,Missense_Mutation,2923-03A-01W-0745-08
TET2,Nonsense_Mutation,2923-03A-01W-0745-08
TET2,Frame_Shift_Ins,2923-03A-01W-0745-08
TMEM104,Nonsense_Mutation,2923-03A-01W-0745-08
ZNF420,Nonsense_Mutation,2923-03A-01W-0745-08
BCMO1,Missense_Mutation,2924-03A-01W-0745-08
DIO2,Missense_Mutation,2924-03A-01W-0745-08
DMRT3,Missense_Mutation,2924-03A-01W-0745-08
KRT27,Missense_Mutation,2924-03A-01W-0745-08
MUC16,Missense_Mutation,2924-03A-01W-0745-08
NPM1,Frame_Shift_Ins,2924-03A-01W-0745-08
PHLPP1,Missense_Mutation,2924-03A-01W-0745-08
PPAP2A,Missense_Mutation,2924-03A-01W-0745-08
VWCE,Frame_Shift_Del,2924-03A-01W-0745-08
BMP10,Missense_Mutation,2925-03A-01W-0732-08
CACNA1B,Missense_Mutation,2925-03A-01W-0732-08
CFHR2,Missense_Mutation,2925-03A-01W-0732-08
CSMD1,Missense_Mutation,2925-03A-01W-0732-08
DNMT3A,Missense_Mutation,2925-03A-01W-0732-08
FAM154B,Missense_Mutation,2925-03A-01W-0732-08
GABBR1,Missense_Mutation,2925-03A-01W-0732-08
GATA2,Missense_Mutation,2925-03A-01W-0732-08
GRM3,Missense_Mutation,2925-03A-01W-0732-08
HECW1,Missense_Mutation,2925-03A-01W-0732-08
KPRP,Missense_Mutation,2925-03A-01W-0732-08
NPM1,Frame_Shift_Ins,2925-03A-01W-0732-08
RFC3,Missense_Mutation,2925-03A-01W-0732-08
SLC27A6,Missense_Mutation,2925-03A-01W-0732-08
TTN,Missense_Mutation,2925-03A-01W-0732-08
AKAP5,Missense_Mutation,2926-03A-01W-0732-08
DDX17,Splice_Site,2926-03A-01W-0732-08
DDX53,Missense_Mutation,2926-03A-01W-0732-08
GCLM,Missense_Mutation,2926-03A-01W-0732-08
IDH1,Missense_Mutation,2926-03A-01W-0732-08
ITGAV,Nonsense_Mutation,2926-03A-01W-0732-08
KIF27,Missense_Mutation,2926-03A-01W-0732-08
RBBP4,Missense_Mutation,2926-03A-01W-0732-08
SBF2,Missense_Mutation,2926-03A-01W-0732-08
SHC1,Frame_Shift_Ins,2926-03A-01W-0732-08
STC2,Frame_Shift_Ins,2926-03A-01W-0732-08
WNK1,Missense_Mutation,2926-03A-01W-0732-08
ZNF642,Missense_Mutation,2926-03A-01W-0732-08
AKR7A2,Missense_Mutation,2927-03A-01W-0755-09
ASXL1,Splice_Site,2927-03A-01W-0755-09
CHST6,Missense_Mutation,2927-03A-01W-0755-09
CRISPLD2,Splice_Site,2927-03A-01W-0755-09
CXorf58,Nonsense_Mutation,2927-03A-01W-0755-09
DIS3,Missense_Mutation,2927-03A-01W-0755-09
HIST1H3D,Nonsense_Mutation,2927-03A-01W-0755-09
KRTAP24-1,Missense_Mutation,2927-03A-01W-0755-09
MST1R,Missense_Mutation,2927-03A-01W-0755-09
MT-CO3,Missense_Mutation,2927-03A-01W-0755-09
MT-ND5,Missense_Mutation,2927-03A-01W-0755-09
MT-ND5,Missense_Mutation,2927-03A-01W-0755-09
RUNX1,Nonsense_Mutation,2927-03A-01W-0755-09
RUNX1,Missense_Mutation,2927-03A-01W-0755-09
SH2B3,Missense_Mutation,2927-03A-01W-0755-09
SLC24A4,Missense_Mutation,2927-03A-01W-0755-09
SLFNL1,Missense_Mutation,2927-03A-01W-0755-09
SUMO2,Frame_Shift_Ins,2927-03A-01W-0755-09
TACC2,Missense_Mutation,2927-03A-01W-0755-09
TCF4,Frame_Shift_Ins,2927-03A-01W-0755-09
TTN,Missense_Mutation,2927-03A-01W-0755-09
CCBE1,Missense_Mutation,2928-03A-01W-0745-08
DNMT3A,Missense_Mutation,2928-03A-01W-0745-08
DNMT3A,Nonsense_Mutation,2928-03A-01W-0745-08
IDH1,Missense_Mutation,2928-03A-01W-0745-08
PKD1L2,Missense_Mutation,2928-03A-01W-0745-08
SEMA3A,Missense_Mutation,2928-03A-01W-0745-08
TET2,Frame_Shift_Del,2928-03A-01W-0745-08
TET2,Missense_Mutation,2928-03A-01W-0745-08
ZNF99,Missense_Mutation,2928-03A-01W-0745-08
ALDH1A3,Missense_Mutation,2929-03A-01W-0732-08
BRCC3,Nonsense_Mutation,2929-03A-01W-0732-08
CD70,Missense_Mutation,2929-03A-01W-0732-08
CD74,Missense_Mutation,2929-03A-01W-0732-08
E2F8,Missense_Mutation,2929-03A-01W-0732-08
ENSG00000214135,Missense_Mutation,2929-03A-01W-0732-08
KRAS,Missense_Mutation,2929-03A-01W-0732-08
LOC644504,Missense_Mutation,2929-03A-01W-0732-08
NTSR2,Missense_Mutation,2929-03A-01W-0732-08
PCDHGA10,In_Frame_Del,2929-03A-01W-0732-08
SF3B1,Missense_Mutation,2929-03A-01W-0732-08
SYTL5,Missense_Mutation,2929-03A-01W-0732-08
TNC,Missense_Mutation,2929-03A-01W-0732-08
TPH1,Nonsense_Mutation,2929-03A-01W-0732-08
ARAP2,Splice_Site,2930-03A-01W-0761-09
CYP4A22,Missense_Mutation,2930-03A-01W-0761-09
MAT1A,Missense_Mutation,2930-03A-01W-0761-09
OR5P2,In_Frame_Ins,2930-03A-01W-0761-09
TRO,Missense_Mutation,2930-03A-01W-0761-09
WT1,Frame_Shift_Ins,2930-03A-01W-0761-09
WT1,Frame_Shift_Ins,2930-03A-01W-0761-09
ACTBL2,Missense_Mutation,2931-03A-01W-0745-08
C3,Missense_Mutation,2931-03A-01W-0745-08
COL22A1,Missense_Mutation,2931-03A-01W-0745-08
DNMT3A,Missense_Mutation,2931-03A-01W-0745-08
GSTK1,Missense_Mutation,2931-03A-01W-0745-08
HSPB7,Missense_Mutation,2931-03A-01W-0745-08
NLRP11,Missense_Mutation,2931-03A-01W-0745-08
NPM1,Frame_Shift_Ins,2931-03A-01W-0745-08
NRCAM,Missense_Mutation,2931-03A-01W-0745-08
SYNE1,Missense_Mutation,2931-03A-01W-0745-08
LARS,Missense_Mutation,2932-03A-01W-0745-08
NPM1,Frame_Shift_Ins,2932-03A-01W-0745-08
NRAS,Missense_Mutation,2932-03A-01W-0745-08
SETD2,Frame_Shift_Ins,2932-03A-01W-0745-08
UBE2R2,In_Frame_Del,2932-03A-01W-0745-08
XIRP1,Missense_Mutation,2932-03A-01W-0745-08
ENSG00000163098,Frame_Shift_Ins,2933-03A-01W-0732-08
RUNX1,Missense_Mutation,2933-03A-01W-0732-08
ABCG4,Missense_Mutation,2934-03A-01W-0755-09
C9orf43,Missense_Mutation,2934-03A-01W-0755-09
CYBRD1,Missense_Mutation,2934-03A-01W-0755-09
DNMT3A,Missense_Mutation,2934-03A-01W-0755-09
DNMT3A,Missense_Mutation,2934-03A-01W-0755-09
IDH2,Missense_Mutation,2934-03A-01W-0755-09
MGAT4C,Missense_Mutation,2934-03A-01W-0755-09
MT-CYB,Missense_Mutation,2934-03A-01W-0755-09
USP9X,Frame_Shift_Ins,2934-03A-01W-0755-09
ANO3,Missense_Mutation,2935-03A-01W-0755-09
CAMKV,Missense_Mutation,2935-03A-01W-0755-09
GJB3,Missense_Mutation,2935-03A-01W-0755-09
HERC2,Missense_Mutation,2935-03A-01W-0755-09
RIN2,Missense_Mutation,2935-03A-01W-0755-09
TP53,Missense_Mutation,2935-03A-01W-0755-09
ZBTB33,Missense_Mutation,2935-03A-01W-0755-09
ZNF229,Missense_Mutation,2935-03A-01W-0755-09
C7orf10,Missense_Mutation,2936-03A-01W-0745-08
IDH2,Missense_Mutation,2936-03A-01W-0745-08
MT-CO3,Nonsense_Mutation,2936-03A-01W-0745-08
NRF1,Missense_Mutation,2936-03A-01W-0745-08
RUNX1,Nonsense_Mutation,2936-03A-01W-0745-08
TCEAL6,Nonsense_Mutation,2936-03A-01W-0745-08
C2,Missense_Mutation,2937-03A-01W-0732-08
DNAH9,Missense_Mutation,2937-03A-01W-0732-08
ENSG00000216522,Splice_Site,2937-03A-01W-0732-08
GPR115,Nonsense_Mutation,2937-03A-01W-0732-08
GSTK1,Missense_Mutation,2937-03A-01W-0732-08
HNRNPK,Splice_Site,2937-03A-01W-0732-08
HNRNPK,Frame_Shift_Ins,2937-03A-01W-0732-08
KIT,Missense_Mutation,2937-03A-01W-0732-08
RNF213,Missense_Mutation,2937-03A-01W-0732-08
TET2,Frame_Shift_Del,2937-03A-01W-0732-08
TMTC4,Missense_Mutation,2937-03A-01W-0732-08
WBSCR17,Nonsense_Mutation,2937-03A-01W-0732-08
ZFHX4,Missense_Mutation,2937-03A-01W-0732-08
CD320,Missense_Mutation,2938-03A-01W-0732-08
CUL1,Missense_Mutation,2938-03A-01W-0732-08
DLC1,Missense_Mutation,2938-03A-01W-0732-08
DNMT3A,Frame_Shift_Del,2938-03A-01W-0732-08
EDC4,Missense_Mutation,2938-03A-01W-0732-08
NRXN3,Missense_Mutation,2938-03A-01W-0732-08
OR8B12,Missense_Mutation,2938-03A-01W-0732-08
PIK3CB,Missense_Mutation,2938-03A-01W-0732-08
PRKCG,Missense_Mutation,2938-03A-01W-0732-08
ROBO2,Missense_Mutation,2938-03A-01W-0732-08
SIDT2,Missense_Mutation,2938-03A-01W-0732-08
TMEM205,Splice_Site,2938-03A-01W-0732-08
TP53,Frame_Shift_Del,2938-03A-01W-0732-08
TP53,Missense_Mutation,2938-03A-01W-0732-08
TTBK1,Missense_Mutation,2938-03A-01W-0732-08
TUBA3C,Missense_Mutation,2938-03A-01W-0732-08
VARS2,Missense_Mutation,2938-03A-01W-0732-08
ZNF827,Frame_Shift_Del,2938-03A-01W-0732-08
C11orf41,Missense_Mutation,2939-03A-01W-0745-08
C1orf51,Missense_Mutation,2939-03A-01W-0745-08
FAM47A,Missense_Mutation,2939-03A-01W-0745-08
GALNTL4,Missense_Mutation,2939-03A-01W-0745-08
HELZ,Missense_Mutation,2939-03A-01W-0745-08
IL32,Frame_Shift_Ins,2939-03A-01W-0745-08
KIT,Missense_Mutation,2939-03A-01W-0745-08
LOC100132800,In_Frame_Ins,2939-03A-01W-0745-08
LOC100133684,Frame_Shift_Del,2939-03A-01W-0745-08
MAEL,Missense_Mutation,2939-03A-01W-0745-08
MLL2,Missense_Mutation,2939-03A-01W-0745-08
MT-CO3,Missense_Mutation,2939-03A-01W-0745-08
SI,Missense_Mutation,2939-03A-01W-0745-08
SLC16A14,Nonsense_Mutation,2939-03A-01W-0745-08
SLC6A20,Missense_Mutation,2939-03A-01W-0745-08
CEBPA,In_Frame_Ins,2940-03A-01W-0733-08
CEBPA,Frame_Shift_Del,2940-03A-01W-0733-08
MLL3,Nonsense_Mutation,2940-03A-01W-0733-08
COL16A1,Nonsense_Mutation,2941-03A-01W-0745-08
MT-ND5,Missense_Mutation,2941-03A-01W-0745-08
PKIB,Missense_Mutation,2941-03A-01W-0745-08
SYNJ1,Missense_Mutation,2941-03A-01W-0745-08
TNRC18,Missense_Mutation,2941-03A-01W-0745-08
TP53,Missense_Mutation,2941-03A-01W-0745-08
uc001vvs.1,Frame_Shift_Del,2941-03A-01W-0745-08
ABTB1,Frame_Shift_Ins,2942-03A-01W-0733-08
ATP6V1C1,Missense_Mutation,2943-03A-01W-0745-08
C6orf106,Missense_Mutation,2943-03A-01W-0745-08
CACNA2D3,Nonsense_Mutation,2943-03A-01W-0745-08
CADPS,Missense_Mutation,2943-03A-01W-0745-08
EPHA3,Missense_Mutation,2943-03A-01W-0745-08
MT-ND2,Missense_Mutation,2943-03A-01W-0745-08
PPPDE2,Missense_Mutation,2943-03A-01W-0745-08
PRAMEF11,Missense_Mutation,2943-03A-01W-0745-08
SERPINA12,Missense_Mutation,2943-03A-01W-0745-08
TP53,Missense_Mutation,2943-03A-01W-0745-08
USP48,Nonsense_Mutation,2943-03A-01W-0745-08
YEATS2,Missense_Mutation,2943-03A-01W-0745-08
ZNF460,Missense_Mutation,2943-03A-01W-0745-08
ADAMTS12,Missense_Mutation,2945-03A-01W-0733-08
C10orf120,Missense_Mutation,2945-03A-01W-0733-08
CARD18,Missense_Mutation,2945-03A-01W-0733-08
DNMT3A,Missense_Mutation,2945-03A-01W-0733-08
IDH1,Missense_Mutation,2945-03A-01W-0733-08
KIT,Missense_Mutation,2945-03A-01W-0733-08
NBEAL1,Missense_Mutation,2945-03A-01W-0733-08
NPM1,Frame_Shift_Ins,2945-03A-01W-0733-08
POLA2,Frame_Shift_Del,2945-03A-01W-0733-08
SDR42E1,Missense_Mutation,2945-03A-01W-0733-08
SPACA1,Missense_Mutation,2945-03A-01W-0733-08
ZBED4,Missense_Mutation,2946-03A-01W-0755-09
CLEC18B,Missense_Mutation,2947-03A-01W-0745-08
DNMT3A,Missense_Mutation,2947-03A-01W-0745-08
NPM1,Frame_Shift_Ins,2947-03A-01W-0745-08
IDH2,Missense_Mutation,2948-03A-01W-0755-09
MT-ATP6,Missense_Mutation,2948-03A-01W-0755-09
PDCL3,Frame_Shift_Ins,2948-03A-01W-0755-09
CCL11,Missense_Mutation,2949-03A-01W-0733-08
CHD4,Missense_Mutation,2949-03A-01W-0733-08
DNMT3A,Missense_Mutation,2949-03A-01W-0733-08
IDH1,Missense_Mutation,2949-03A-01W-0733-08
LOC129293,Missense_Mutation,2949-03A-01W-0733-08
LRCH3,Missense_Mutation,2949-03A-01W-0733-08
NCOA3,Frame_Shift_Del,2949-03A-01W-0733-08
NMUR2,Missense_Mutation,2949-03A-01W-0733-08
NRXN3,Missense_Mutation,2949-03A-01W-0733-08
ORAI1,Missense_Mutation,2949-03A-01W-0733-08
RUNX1,Frame_Shift_Del,2949-03A-01W-0733-08
SLC4A3,Splice_Site,2949-03A-01W-0733-08
SPHKAP,Missense_Mutation,2949-03A-01W-0733-08
ST8SIA4,Missense_Mutation,2949-03A-01W-0733-08
SUZ12,Frame_Shift_Del,2949-03A-01W-0733-08
VLDLR,Missense_Mutation,2949-03A-01W-0733-08
ACOXL,Missense_Mutation,2950-03A-01W-0733-08
ARHGAP35,Missense_Mutation,2950-03A-01W-0733-08
ARHGEF6,Frame_Shift_Del,2950-03A-01W-0733-08
B3GALT5,Missense_Mutation,2950-03A-01W-0733-08
COPS2,Missense_Mutation,2950-03A-01W-0733-08
GRID1,Nonsense_Mutation,2950-03A-01W-0733-08
KIAA1109,Missense_Mutation,2950-03A-01W-0733-08
MGA,Frame_Shift_Del,2950-03A-01W-0733-08
SMC3,Splice_Site,2950-03A-01W-0733-08
ADCY10,Missense_Mutation,2952-03A-01W-0733-08
C15orf60,Missense_Mutation,2952-03A-01W-0733-08
C8orf80,Missense_Mutation,2952-03A-01W-0733-08
CEBPA,Frame_Shift_Del,2952-03A-01W-0733-08
EFCAB6,Missense_Mutation,2952-03A-01W-0733-08
FAT1,Missense_Mutation,2952-03A-01W-0733-08
GLIS3,Missense_Mutation,2952-03A-01W-0733-08
GPR101,Missense_Mutation,2952-03A-01W-0733-08
GRIK4,Missense_Mutation,2952-03A-01W-0733-08
MDM2,Missense_Mutation,2952-03A-01W-0733-08
NRAS,Missense_Mutation,2952-03A-01W-0733-08
PRX,Missense_Mutation,2952-03A-01W-0733-08
TP53,Missense_Mutation,2952-03A-01W-0733-08
TRIM45,Missense_Mutation,2952-03A-01W-0733-08
MUC6,Missense_Mutation,2954-03A-01W-0733-08
CCL16,Missense_Mutation,2955-03A-01W-0733-08
CEBPA,In_Frame_Ins,2955-03A-01W-0733-08
CEBPA,Frame_Shift_Del,2955-03A-01W-0733-08
COL7A1,Missense_Mutation,2955-03A-01W-0733-08
DNAJC7,Missense_Mutation,2955-03A-01W-0733-08
DNMT3A,Missense_Mutation,2955-03A-01W-0733-08
ENSG00000103832,Missense_Mutation,2955-03A-01W-0733-08
GATA2,Missense_Mutation,2955-03A-01W-0733-08
LOC100129218,Missense_Mutation,2955-03A-01W-0733-08
MT-CO2,Missense_Mutation,2955-03A-01W-0733-08
MYH6,Nonsense_Mutation,2955-03A-01W-0733-08
PCDHA1,Missense_Mutation,2955-03A-01W-0733-08
PCDHB18,Missense_Mutation,2955-03A-01W-0733-08
PLA2G4D,Missense_Mutation,2955-03A-01W-0733-08
RPS3A,Missense_Mutation,2955-03A-01W-0733-08
ZNF254,Missense_Mutation,2955-03A-01W-0733-08
B4GALNT3,Missense_Mutation,2956-03A-01W-0733-08
GABRA4,Missense_Mutation,2956-03A-01W-0733-08
SNCAIP,Missense_Mutation,2956-03A-01W-0733-08
FAM194A,Missense_Mutation,2957-03A-01W-0733-08
APOB,Missense_Mutation,2959-03A-01W-0733-08
AQP5,Missense_Mutation,2959-03A-01W-0733-08
CASC5,Missense_Mutation,2959-03A-01W-0733-08
CCDC24,Missense_Mutation,2959-03A-01W-0733-08
CCDC67,Missense_Mutation,2959-03A-01W-0733-08
CRB1,Missense_Mutation,2959-03A-01W-0733-08
DOCK5,Missense_Mutation,2959-03A-01W-0733-08
FLT1,Missense_Mutation,2959-03A-01W-0733-08
GZMB,Missense_Mutation,2959-03A-01W-0733-08
IDH2,Missense_Mutation,2959-03A-01W-0733-08
NRAP,Missense_Mutation,2959-03A-01W-0733-08
NUP93,Missense_Mutation,2959-03A-01W-0733-08
PABPC3,Missense_Mutation,2959-03A-01W-0733-08
PDS5B,Missense_Mutation,2959-03A-01W-0733-08
PHF6,Splice_Site,2959-03A-01W-0733-08
PLCE1,Missense_Mutation,2959-03A-01W-0733-08
RIMS1,Missense_Mutation,2959-03A-01W-0733-08
RTN4RL1,Missense_Mutation,2959-03A-01W-0733-08
RUNX1,Missense_Mutation,2959-03A-01W-0733-08
SLCO5A1,Missense_Mutation,2959-03A-01W-0733-08
TPO,Missense_Mutation,2959-03A-01W-0733-08
ZBTB33,Missense_Mutation,2959-03A-01W-0733-08
ZNF133,Missense_Mutation,2959-03A-01W-0733-08
BECN1,Missense_Mutation,2963-03A-01D-0739-09
DAOA,Frame_Shift_Del,2963-03A-01D-0739-09
EGFL8,Missense_Mutation,2963-03A-01D-0739-09
EPHA8,Missense_Mutation,2963-03A-01D-0739-09
ETF1,Missense_Mutation,2963-03A-01D-0739-09
KIAA1239,Missense_Mutation,2963-03A-01D-0739-09
LOC100129743,Frame_Shift_Del,2963-03A-01D-0739-09
NLRP8,Missense_Mutation,2963-03A-01D-0739-09
NPM1,Frame_Shift_Ins,2963-03A-01D-0739-09
PTPN11,Missense_Mutation,2963-03A-01D-0739-09
RAB17,Missense_Mutation,2963-03A-01D-0739-09
RFC1,Missense_Mutation,2963-03A-01D-0739-09
SMC1A,Missense_Mutation,2963-03A-01D-0739-09
TCTE3,Missense_Mutation,2963-03A-01D-0739-09
ZFHX3,Missense_Mutation,2963-03A-01D-0739-09
ARHGAP5,Missense_Mutation,2964-03A-01D-0739-09
ARSF,Missense_Mutation,2964-03A-01D-0739-09
CACNA1E,Missense_Mutation,2964-03A-01D-0739-09
CAMTA1,Missense_Mutation,2964-03A-01D-0739-09
CAPN6,Missense_Mutation,2964-03A-01D-0739-09
MUC5B,Missense_Mutation,2964-03A-01D-0739-09
OR5K3,Missense_Mutation,2964-03A-01D-0739-09
SHROOM2,Nonsense_Mutation,2964-03A-01D-0739-09
STAG2,Nonsense_Mutation,2964-03A-01D-0739-09
TET2,Nonsense_Mutation,2964-03A-01D-0739-09
TET2,Missense_Mutation,2964-03A-01D-0739-09
TMTC2,Missense_Mutation,2964-03A-01D-0739-09
ZNF75D,Missense_Mutation,2964-03A-01D-0739-09
DNMT3A,Missense_Mutation,2965-03A-01D-0739-09
EFTUD1,Missense_Mutation,2965-03A-01D-0739-09
FAM5C,Missense_Mutation,2965-03A-01D-0739-09
HK1,Missense_Mutation,2965-03A-01D-0739-09
LOC730032,Missense_Mutation,2965-03A-01D-0739-09
NPM1,Frame_Shift_Ins,2965-03A-01D-0739-09
RASSF7,Missense_Mutation,2965-03A-01D-0739-09
TET2,Frame_Shift_Del,2965-03A-01D-0739-09
VIPR1,Missense_Mutation,2965-03A-01D-0739-09
ZNF689,Missense_Mutation,2965-03A-01D-0739-09
AP1M1,Missense_Mutation,2966-03A-01D-0739-09
DNMT3A,Frame_Shift_Del,2966-03A-01D-0739-09
FAM123A,Missense_Mutation,2966-03A-01D-0739-09
HCFC1,Missense_Mutation,2966-03A-01D-0739-09
IDH2,Missense_Mutation,2966-03A-01D-0739-09
IGHE,Missense_Mutation,2966-03A-01D-0739-09
KRAS,Missense_Mutation,2966-03A-01D-0739-09
LOC100130353,Missense_Mutation,2966-03A-01D-0739-09
PLCE1,Missense_Mutation,2966-03A-01D-0739-09
SIGLEC1,Missense_Mutation,2966-03A-01D-0739-09
SMG1,Missense_Mutation,2966-03A-01D-0739-09
TOP3B,Missense_Mutation,2966-03A-01D-0739-09
VCAN,Missense_Mutation,2966-03A-01D-0739-09
DNMT3A,Nonsense_Mutation,2967-03A-01D-0739-09
FAM57B,Nonsense_Mutation,2967-03A-01D-0739-09
HYDIN,Missense_Mutation,2967-03A-01D-0739-09
LRRC2,Missense_Mutation,2967-03A-01D-0739-09
NPM1,Frame_Shift_Ins,2967-03A-01D-0739-09
NRAS,Missense_Mutation,2967-03A-01D-0739-09
OR8A1,Missense_Mutation,2967-03A-01D-0739-09
PHIP,Frame_Shift_Ins,2967-03A-01D-0739-09
RAD21,Frame_Shift_Ins,2967-03A-01D-0739-09
SEMA4A,Splice_Site,2967-03A-01D-0739-09
BCOR,Frame_Shift_Ins,2968-03A-01D-0739-09
BPTF,Missense_Mutation,2968-03A-01D-0739-09
CCNG2,Frame_Shift_Del,2968-03A-01D-0739-09
DDX60,Missense_Mutation,2968-03A-01D-0739-09
DNMT3A,Missense_Mutation,2968-03A-01D-0739-09
DNMT3A,Nonsense_Mutation,2968-03A-01D-0739-09
FBXL18,Missense_Mutation,2968-03A-01D-0739-09
KSR2,Missense_Mutation,2968-03A-01D-0739-09
LOC100133915,Missense_Mutation,2968-03A-01D-0739-09
MTUS2,Missense_Mutation,2968-03A-01D-0739-09
NIPBL,Missense_Mutation,2968-03A-01D-0739-09
NRAS,Missense_Mutation,2968-03A-01D-0739-09
PLCZ1,Missense_Mutation,2968-03A-01D-0739-09
PRODH2,Nonsense_Mutation,2968-03A-01D-0739-09
U2AF1,Missense_Mutation,2968-03A-01D-0739-09
DNMT3A,Missense_Mutation,2969-03A-01D-0739-09
ELANE,Missense_Mutation,2969-03A-01D-0739-09
FOXP1,Splice_Site,2969-03A-01D-0739-09
GLI1,Missense_Mutation,2969-03A-01D-0739-09
IDH1,Missense_Mutation,2969-03A-01D-0739-09
NPM1,Frame_Shift_Ins,2969-03A-01D-0739-09
SOHLH1,Missense_Mutation,2969-03A-01D-0739-09
BCLAF1,Missense_Mutation,2970-03A-01D-0739-09
BCOR,Frame_Shift_Del,2970-03A-01D-0739-09
PLEKHH1,Missense_Mutation,2970-03A-01D-0739-09
RUNX1,Missense_Mutation,2970-03A-01D-0739-09
WT1,Splice_Site,2970-03A-01D-0739-09
BMP5,Nonsense_Mutation,2971-03A-01D-0739-09
CNTNAP4,Missense_Mutation,2971-03A-01D-0739-09
E2F8,Nonsense_Mutation,2971-03A-01D-0739-09
LOC100128077,Missense_Mutation,2971-03A-01D-0739-09
MAPK1,Missense_Mutation,2971-03A-01D-0739-09
MTMR8,Missense_Mutation,2971-03A-01D-0739-09
SAP130,Missense_Mutation,2971-03A-01D-0739-09
TET2,Frame_Shift_Del,2971-03A-01D-0739-09
TET2,Missense_Mutation,2971-03A-01D-0739-09
WEE1,Missense_Mutation,2971-03A-01D-0739-09
ASTL,Missense_Mutation,2972-03A-01D-0739-09
ATP1B4,Missense_Mutation,2972-03A-01D-0739-09
C10orf118,Missense_Mutation,2972-03A-01D-0739-09
CYP4F8,Missense_Mutation,2972-03A-01D-0739-09
DNAH3,Missense_Mutation,2972-03A-01D-0739-09
DNAH5,Missense_Mutation,2972-03A-01D-0739-09
DOCK2,Missense_Mutation,2972-03A-01D-0739-09
DROSHA,Missense_Mutation,2972-03A-01D-0739-09
FANCI,Missense_Mutation,2972-03A-01D-0739-09
HMCN1,Missense_Mutation,2972-03A-01D-0739-09
KIAA0240,Missense_Mutation,2972-03A-01D-0739-09
LARP4B,Missense_Mutation,2972-03A-01D-0739-09
MORC3,Missense_Mutation,2972-03A-01D-0739-09
NPM1,Frame_Shift_Ins,2972-03A-01D-0739-09
PTPN11,Missense_Mutation,2972-03A-01D-0739-09
RIMS1,Missense_Mutation,2972-03A-01D-0739-09
SRSF6,Missense_Mutation,2972-03A-01D-0739-09
STAG2,Nonsense_Mutation,2972-03A-01D-0739-09
TUFT1,Missense_Mutation,2972-03A-01D-0739-09
ZC3H18,Nonsense_Mutation,2972-03A-01D-0739-09
ZNF43,Missense_Mutation,2972-03A-01D-0739-09
uc002rsf.1,Missense_Mutation,2972-03A-01D-0739-09
ACVR2B,Missense_Mutation,2973-03A-01D-0739-09
COL19A1,Missense_Mutation,2973-03A-01D-0739-09
IDH2,Missense_Mutation,2973-03A-01D-0739-09
NPM1,Frame_Shift_Ins,2973-03A-01D-0739-09
DNMT3A,Missense_Mutation,2974-03A-01D-0739-09
GRM8,Missense_Mutation,2974-03A-01D-0739-09
NOX3,Missense_Mutation,2974-03A-01D-0739-09
NPM1,Frame_Shift_Ins,2974-03A-01D-0739-09
PKD2L1,Missense_Mutation,2974-03A-01D-0739-09
DNMT3A,Missense_Mutation,2975-03A-01D-0739-09
RAD21,Nonsense_Mutation,2975-03A-01D-0739-09
ANKRD13A,Missense_Mutation,2976-03A-01D-0739-09
FAM5C,Missense_Mutation,2976-03A-01D-0739-09
GATAD2B,Nonsense_Mutation,2976-03A-01D-0739-09
KCNQ3,Missense_Mutation,2976-03A-01D-0739-09
KLHL29,Missense_Mutation,2976-03A-01D-0739-09
LOC100133655,Missense_Mutation,2976-03A-01D-0739-09
LRRC37B,Frame_Shift_Ins,2976-03A-01D-0739-09
MED14,Missense_Mutation,2976-03A-01D-0739-09
NPM1,Frame_Shift_Ins,2976-03A-01D-0739-09
OR4C15,Missense_Mutation,2976-03A-01D-0739-09
PHF6,Missense_Mutation,2976-03A-01D-0739-09
SDK2,Missense_Mutation,2976-03A-01D-0739-09
SKOR1,Missense_Mutation,2976-03A-01D-0739-09
SRCRB4D,Missense_Mutation,2976-03A-01D-0739-09
TEK,Missense_Mutation,2976-03A-01D-0739-09
TTC39A,Missense_Mutation,2976-03A-01D-0739-09
WT1,Frame_Shift_Ins,2976-03A-01D-0739-09
GPR98,Missense_Mutation,2977-03A-01D-0739-09
IDH1,Missense_Mutation,2977-03A-01D-0739-09
KIAA0226L,Missense_Mutation,2977-03A-01D-0739-09
LOC441644,Missense_Mutation,2977-03A-01D-0739-09
OR5AR1,Missense_Mutation,2977-03A-01D-0739-09
PLCH2,Missense_Mutation,2977-03A-01D-0739-09
TTN,Missense_Mutation,2977-03A-01D-0739-09
ATP6AP2,Missense_Mutation,2978-03A-01D-0739-09
DNAH9,Missense_Mutation,2978-03A-01D-0739-09
DOCK9,Missense_Mutation,2978-03A-01D-0739-09
HOOK3,Missense_Mutation,2978-03A-01D-0739-09
NRAS,Missense_Mutation,2978-03A-01D-0739-09
OR4H12P,Missense_Mutation,2978-03A-01D-0739-09
OR51L1,Missense_Mutation,2978-03A-01D-0739-09
OR5M1,Missense_Mutation,2978-03A-01D-0739-09
PRKAA2,Nonsense_Mutation,2978-03A-01D-0739-09
PXDNL,Missense_Mutation,2978-03A-01D-0739-09
RASSF9,Missense_Mutation,2978-03A-01D-0739-09
RUNX1,Nonsense_Mutation,2978-03A-01D-0739-09
STAG2,Nonsense_Mutation,2978-03A-01D-0739-09
SYTL4,Missense_Mutation,2978-03A-01D-0739-09
TET2,Splice_Site,2978-03A-01D-0739-09
TET2,Nonsense_Mutation,2978-03A-01D-0739-09
U2AF1L4,Nonsense_Mutation,2978-03A-01D-0739-09
CEBPA,In_Frame_Del,2979-03A-01D-0739-09
CEBPA,Frame_Shift_Del,2979-03A-01D-0739-09
GBP4,Missense_Mutation,2979-03A-01D-0739-09
LIMA1,Frame_Shift_Ins,2979-03A-01D-0739-09
LOC100131040,Missense_Mutation,2979-03A-01D-0739-09
TMEM198,Missense_Mutation,2979-03A-01D-0739-09
TRIM24,Missense_Mutation,2979-03A-01D-0739-09
ZYG11A,Nonsense_Mutation,2979-03A-01D-0739-09
CACNA2D3,Missense_Mutation,2980-03A-01D-0739-09
DCT,Missense_Mutation,2980-03A-01D-0739-09
ENSG00000198229,Missense_Mutation,2980-03A-01D-0739-09
RBKS,Missense_Mutation,2980-03A-01D-0739-09
BBS7,Missense_Mutation,2981-03A-01D-0739-09
DNMT3A,Missense_Mutation,2981-03A-01D-0739-09
FAM57B,Missense_Mutation,2981-03A-01D-0739-09
NPM1,Frame_Shift_Ins,2981-03A-01D-0739-09
ENSG00000215720,Splice_Site,2982-03A-01D-0739-09
ENSG00000220279,Frame_Shift_Del,2982-03A-01D-0739-09
FGL2,Missense_Mutation,2982-03A-01D-0739-09
OVGP1,In_Frame_Del,2982-03A-01D-0739-09
CHIT1,Missense_Mutation,2983-03A-01D-0739-09
COL2A1,Missense_Mutation,2983-03A-01D-0739-09
DYNC1H1,Missense_Mutation,2983-03A-01D-0739-09
ELF1,Missense_Mutation,2983-03A-01D-0739-09
JMJD5,Missense_Mutation,2983-03A-01D-0739-09
MAP2,Missense_Mutation,2983-03A-01D-0739-09
METTL3,Missense_Mutation,2983-03A-01D-0739-09
NAT8L,Missense_Mutation,2983-03A-01D-0739-09
PCDHB11,Missense_Mutation,2983-03A-01D-0739-09
RUNX1,Missense_Mutation,2983-03A-01D-0739-09
SEMA3A,Missense_Mutation,2983-03A-01D-0739-09
STRN,Missense_Mutation,2983-03A-01D-0739-09
ANKRD26,Missense_Mutation,2984-03A-01D-0739-09
BABAM1,Splice_Site,2984-03A-01D-0739-09
CDC42,Missense_Mutation,2984-03A-01D-0739-09
CEP170,In_Frame_Ins,2984-03A-01D-0739-09
FREM2,Missense_Mutation,2984-03A-01D-0739-09
IDH1,Missense_Mutation,2984-03A-01D-0739-09
IMPG2,Missense_Mutation,2984-03A-01D-0739-09
LTA4H,Missense_Mutation,2984-03A-01D-0739-09
NPM1,Frame_Shift_Ins,2984-03A-01D-0739-09
NRAS,Missense_Mutation,2984-03A-01D-0739-09
BMPER,Missense_Mutation,2985-03A-01D-0739-09
C10orf76,Missense_Mutation,2985-03A-01D-0739-09
C3orf25,Missense_Mutation,2985-03A-01D-0739-09
NRAS,Missense_Mutation,2985-03A-01D-0739-09
CTSG,Missense_Mutation,2986-03A-01D-0739-09
FLRT2,Missense_Mutation,2986-03A-01D-0739-09
FRMPD3,Missense_Mutation,2986-03A-01D-0739-09
GLRA1,Missense_Mutation,2986-03A-01D-0739-09
KRT79,Missense_Mutation,2986-03A-01D-0739-09
LOC644992,Missense_Mutation,2986-03A-01D-0739-09
NAE1,Missense_Mutation,2986-03A-01D-0739-09
NPM1,Frame_Shift_Ins,2986-03A-01D-0739-09
OR51S1,Missense_Mutation,2986-03A-01D-0739-09
POU6F2,Nonsense_Mutation,2986-03A-01D-0739-09
RAD21,Nonsense_Mutation,2986-03A-01D-0739-09
RBM41,Missense_Mutation,2986-03A-01D-0739-09
DNMT3A,Missense_Mutation,2987-03A-01D-0739-09
ENC1,Missense_Mutation,2987-03A-01D-0739-09
KRAS,Missense_Mutation,2987-03A-01D-0739-09
KRTAP10-8,Missense_Mutation,2987-03A-01D-0739-09
NPM1,Frame_Shift_Ins,2987-03A-01D-0739-09
PDGFRA,Missense_Mutation,2987-03A-01D-0739-09
PTPRE,Missense_Mutation,2987-03A-01D-0739-09
ABCA10,Missense_Mutation,2988-03A-01D-0739-09
ANG,Missense_Mutation,2988-03A-01D-0739-09
BAAT,Missense_Mutation,2988-03A-01D-0739-09
CDH4,Missense_Mutation,2988-03A-01D-0739-09
DNMT3A,Missense_Mutation,2988-03A-01D-0739-09
GUCA2A,Missense_Mutation,2988-03A-01D-0739-09
LRWD1,Missense_Mutation,2988-03A-01D-0739-09
MUC5B,Missense_Mutation,2988-03A-01D-0739-09
MUC5B,Missense_Mutation,2988-03A-01D-0739-09
MYH14,Missense_Mutation,2988-03A-01D-0739-09
NPM1,Frame_Shift_Ins,2988-03A-01D-0739-09
SCEL,Missense_Mutation,2988-03A-01D-0739-09
SLC17A3,Missense_Mutation,2988-03A-01D-0739-09
CBL,Missense_Mutation,2989-03A-01D-0739-09
DLX3,Missense_Mutation,2989-03A-01D-0739-09
GPBP1,Frame_Shift_Ins,2989-03A-01D-0739-09
HNRNPUL1,Missense_Mutation,2989-03A-01D-0739-09
LOC100130211,Missense_Mutation,2989-03A-01D-0739-09
MAGI1,Missense_Mutation,2989-03A-01D-0739-09
NPM1,Frame_Shift_Ins,2989-03A-01D-0739-09
PDK4,Missense_Mutation,2989-03A-01D-0739-09
RAB25,Missense_Mutation,2989-03A-01D-0739-09
SUPT5H,Missense_Mutation,2989-03A-01D-0739-09
TRPC4AP,Missense_Mutation,2989-03A-01D-0739-09
WT1,Frame_Shift_Del,2989-03A-01D-0739-09
ANKRD24,Nonsense_Mutation,2990-03A-01D-0739-09
CADM2,Missense_Mutation,2990-03A-01D-0739-09
CALB2,Missense_Mutation,2990-03A-01D-0739-09
EPB41L5,Missense_Mutation,2990-03A-01D-0739-09
IDH1,Missense_Mutation,2990-03A-01D-0739-09
LAMA5,Missense_Mutation,2990-03A-01D-0739-09
NPM1,Frame_Shift_Ins,2990-03A-01D-0739-09
SOS1,Missense_Mutation,2990-03A-01D-0739-09
ZNF462,Missense_Mutation,2990-03A-01D-0739-09
ARID2,Nonsense_Mutation,2991-03A-01D-0739-09
CNOT3,Missense_Mutation,2991-03A-01D-0739-09
KIDINS220,Missense_Mutation,2991-03A-01D-0739-09
KRTAP26-1,Missense_Mutation,2991-03A-01D-0739-09
LOC100128340,Missense_Mutation,2991-03A-01D-0739-09
LOC100132232,Missense_Mutation,2991-03A-01D-0739-09
MAX,Missense_Mutation,2991-03A-01D-0739-09
MYCBP2,Missense_Mutation,2991-03A-01D-0739-09
OSTalpha,Missense_Mutation,2991-03A-01D-0739-09
VCAM1,Missense_Mutation,2991-03A-01D-0739-09
ZNF788,Missense_Mutation,2991-03A-01D-0739-09
AMOT,Missense_Mutation,2992-03A-01D-0739-09
IDH1,Missense_Mutation,2992-03A-01D-0739-09
KLK7,Nonsense_Mutation,2992-03A-01D-0739-09
MPND,Missense_Mutation,2992-03A-01D-0739-09
NPM1,Frame_Shift_Ins,2992-03A-01D-0739-09
PARP2,Nonsense_Mutation,2992-03A-01D-0739-09
RPL9,Missense_Mutation,2992-03A-01D-0739-09
SLC24A3,Missense_Mutation,2992-03A-01D-0739-09
CDH24,Nonsense_Mutation,2993-03A-01D-0739-09
CDHR2,Missense_Mutation,2993-03A-01D-0739-09
DNMT3A,Frame_Shift_Del,2993-03A-01D-0739-09
GPR123,Missense_Mutation,2993-03A-01D-0739-09
GPR183,Missense_Mutation,2993-03A-01D-0739-09
LOC728896,Missense_Mutation,2993-03A-01D-0739-09
NPM1,Frame_Shift_Ins,2993-03A-01D-0739-09
PDXDC1,Missense_Mutation,2993-03A-01D-0739-09
PTPRT,Missense_Mutation,2993-03A-01D-0739-09
SLC15A1,Nonsense_Mutation,2993-03A-01D-0739-09
SMC3,Missense_Mutation,2993-03A-01D-0739-09
TTN,Missense_Mutation,2993-03A-01D-0739-09
ARHGAP39,Missense_Mutation,2994-03A-01D-0739-09
LOC100128371,Missense_Mutation,2994-03A-01D-0739-09
MLIP,Missense_Mutation,2994-03A-01D-0739-09
ODZ2,Missense_Mutation,2994-03A-01D-0739-09
SCARB1,Missense_Mutation,2994-03A-01D-0739-09
SOX5,Missense_Mutation,2994-03A-01D-0739-09
DDX41,Missense_Mutation,2995-03A-01D-0739-09
GSTM3,Missense_Mutation,2995-03A-01D-0739-09
KCNH5,Missense_Mutation,2995-03A-01D-0739-09
MYLK2,Missense_Mutation,2995-03A-01D-0739-09
ZNF37A,Missense_Mutation,2995-03A-01D-0739-09
ADAMTSL1,Missense_Mutation,2996-03A-01D-0739-09
FAM171A1,Missense_Mutation,2996-03A-01D-0739-09
GDPD5,Missense_Mutation,2996-03A-01D-0739-09
KIAA0240,Missense_Mutation,2996-03A-01D-0739-09
LCE1B,Nonsense_Mutation,2996-03A-01D-0739-09
LOC100131699,Missense_Mutation,2996-03A-01D-0739-09
MPL,Missense_Mutation,2996-03A-01D-0739-09
OR5M5P,Missense_Mutation,2996-03A-01D-0739-09
STK36,Missense_Mutation,2996-03A-01D-0739-09
TET2,Frame_Shift_Del,2996-03A-01D-0739-09
TET2,Missense_Mutation,2996-03A-01D-0739-09
U2AF1,Missense_Mutation,2996-03A-01D-0739-09
ZNF213,Missense_Mutation,2996-03A-01D-0739-09
ZNF616,Missense_Mutation,2996-03A-01D-0739-09
AKAP13,Frame_Shift_Del,2997-03A-01D-0739-09
CELSR1,Missense_Mutation,2997-03A-01D-0739-09
CNTN5,Missense_Mutation,2997-03A-01D-0739-09
CUL3,Missense_Mutation,2997-03A-01D-0739-09
DIS3,Missense_Mutation,2997-03A-01D-0739-09
DNAH9,Missense_Mutation,2997-03A-01D-0739-09
DOK2,Missense_Mutation,2997-03A-01D-0739-09
LOC100132713,Missense_Mutation,2997-03A-01D-0739-09
LOC100134687,Missense_Mutation,2997-03A-01D-0739-09
PSG7,Missense_Mutation,2997-03A-01D-0739-09
SLC30A6,Missense_Mutation,2997-03A-01D-0739-09
TPTE2,Missense_Mutation,2997-03A-01D-0739-09
FAM5C,Missense_Mutation,2998-03A-01D-0739-09
HERC1,Missense_Mutation,2998-03A-01D-0739-09
PA2G4,Missense_Mutation,2998-03A-01D-0739-09
SLC37A2,Missense_Mutation,2998-03A-01D-0739-09
ABL1,Missense_Mutation,2999-03A-01D-0739-09
COL11A2,Missense_Mutation,2999-03A-01D-0739-09
DDR2,Missense_Mutation,2999-03A-01D-0739-09
GDPD4,Nonsense_Mutation,2999-03A-01D-0739-09
HTR5A,Missense_Mutation,2999-03A-01D-0739-09
MAGEL2,Missense_Mutation,2999-03A-01D-0739-09
PPP1R9A,Missense_Mutation,2999-03A-01D-0739-09
SHQ1,Missense_Mutation,2999-03A-01D-0739-09
UNC5B,Missense_Mutation,2999-03A-01D-0739-09
CEBPA,In_Frame_Ins,3000-03A-01D-0739-09
CEBPA,Nonsense_Mutation,3000-03A-01D-0739-09
CLCN6,Missense_Mutation,3000-03A-01D-0739-09
LOC344875,Missense_Mutation,3000-03A-01D-0739-09
AFF2,Missense_Mutation,3001-03A-01D-0739-09
C5orf25,Missense_Mutation,3001-03A-01D-0739-09
CACNA1E,Missense_Mutation,3001-03A-01D-0739-09
HIVEP1,Missense_Mutation,3001-03A-01D-0739-09
LOC26010,Missense_Mutation,3001-03A-01D-0739-09
LRIG3,Missense_Mutation,3001-03A-01D-0739-09
LUZP2,Splice_Site,3001-03A-01D-0739-09
PRPF8,Missense_Mutation,3001-03A-01D-0739-09
RUFY1,Missense_Mutation,3001-03A-01D-0739-09
SI,Missense_Mutation,3001-03A-01D-0739-09
WAC,Splice_Site,3001-03A-01D-0739-09
CNTLN,Nonsense_Mutation,3002-03A-01D-0739-09
COL27A1,Missense_Mutation,3002-03A-01D-0739-09
DAZAP2,Missense_Mutation,3002-03A-01D-0739-09
DCLK1,Missense_Mutation,3002-03A-01D-0739-09
DDX1,Splice_Site,3002-03A-01D-0739-09
DDX41,Splice_Site,3002-03A-01D-0739-09
DRD2,Missense_Mutation,3002-03A-01D-0739-09
EZR,Missense_Mutation,3002-03A-01D-0739-09
GBP4,Missense_Mutation,3002-03A-01D-0739-09
IDH2,Missense_Mutation,3002-03A-01D-0739-09
ITGAX,Missense_Mutation,3002-03A-01D-0739-09
KCNQ2,Splice_Site,3002-03A-01D-0739-09
LGTN,Missense_Mutation,3002-03A-01D-0739-09
LOC100129901,Missense_Mutation,3002-03A-01D-0739-09
MYO1F,Splice_Site,3002-03A-01D-0739-09
OR1J2,Missense_Mutation,3002-03A-01D-0739-09
P2RY2,Missense_Mutation,3002-03A-01D-0739-09
PCDHGC4,Missense_Mutation,3002-03A-01D-0739-09
RBMX,Missense_Mutation,3002-03A-01D-0739-09
RP1,Missense_Mutation,3002-03A-01D-0739-09
TMEM132C,Nonsense_Mutation,3002-03A-01D-0739-09
TP73,Missense_Mutation,3002-03A-01D-0739-09
ZNF260,Missense_Mutation,3002-03A-01D-0739-09
ATP6V1G3,Missense_Mutation,3005-03A-01D-0739-09
CAPS,Missense_Mutation,3005-03A-01D-0739-09
ELL,Missense_Mutation,3005-03A-01D-0739-09
FAM70B,Missense_Mutation,3005-03A-01D-0739-09
FNDC1,Missense_Mutation,3005-03A-01D-0739-09
GRIK2,Missense_Mutation,3005-03A-01D-0739-09
IGHMBP2,Nonsense_Mutation,3005-03A-01D-0739-09
LOC200493,Missense_Mutation,3005-03A-01D-0739-09
LOC643905,Missense_Mutation,3005-03A-01D-0739-09
MDFI,Missense_Mutation,3005-03A-01D-0739-09
NOTCH2NL,Nonsense_Mutation,3005-03A-01D-0739-09
NRK,Missense_Mutation,3005-03A-01D-0739-09
PARD3,Missense_Mutation,3005-03A-01D-0739-09
PCDHGA3,Missense_Mutation,3005-03A-01D-0739-09
SELPLG,Missense_Mutation,3005-03A-01D-0739-09
SON,Missense_Mutation,3005-03A-01D-0739-09
TBC1D4,Missense_Mutation,3005-03A-01D-0739-09
CACNA1G,Missense_Mutation,3006-03A-01D-0739-09
DDR2,Missense_Mutation,3006-03A-01D-0739-09
GRM8,Missense_Mutation,3006-03A-01D-0739-09
MAP1B,Missense_Mutation,3006-03A-01D-0739-09
MIER3,Missense_Mutation,3006-03A-01D-0739-09
NDUFA13,Missense_Mutation,3006-03A-01D-0739-09
PCDHA4,Missense_Mutation,3006-03A-01D-0739-09
PTPRN,Missense_Mutation,3006-03A-01D-0739-09
SULT1C2,Missense_Mutation,3006-03A-01D-0739-09
TET2,Nonsense_Mutation,3006-03A-01D-0739-09
TRAM1L1,Missense_Mutation,3006-03A-01D-0739-09
TRPC1,Missense_Mutation,3006-03A-01D-0739-09
ZNF485,Missense_Mutation,3006-03A-01D-0739-09
ZNF687,Missense_Mutation,3006-03A-01D-0739-09
CECR2,Missense_Mutation,3007-03A-01D-0739-09
G6PC,Missense_Mutation,3007-03A-01D-0739-09
POU6F1,Missense_Mutation,3007-03A-01D-0739-09
SLC12A1,Missense_Mutation,3007-03A-01D-0739-09
STX3,Splice_Site,3007-03A-01D-0739-09
TTLL2,Missense_Mutation,3007-03A-01D-0739-09
C8orf84,Missense_Mutation,3008-03A-01D-0739-09
CEBPA,In_Frame_Ins,3008-03A-01D-0739-09
LOC100132800,In_Frame_Ins,3008-03A-01D-0739-09
RSRC2,Missense_Mutation,3008-03A-01D-0739-09
ABCB11,Missense_Mutation,3009-03A-01D-0739-09
ACSS3,Missense_Mutation,3009-03A-01D-0739-09
ANK3,Splice_Site,3009-03A-01D-0739-09
AP1G2,Missense_Mutation,3009-03A-01D-0739-09
ARC,Missense_Mutation,3009-03A-01D-0739-09
BAI1,Missense_Mutation,3009-03A-01D-0739-09
BRPF1,Missense_Mutation,3009-03A-01D-0739-09
CTCF,Nonsense_Mutation,3009-03A-01D-0739-09
DAAM2,Missense_Mutation,3009-03A-01D-0739-09
DAXX,Missense_Mutation,3009-03A-01D-0739-09
DNM2,Frame_Shift_Ins,3009-03A-01D-0739-09
EED,Missense_Mutation,3009-03A-01D-0739-09
FZD1,Missense_Mutation,3009-03A-01D-0739-09
GABRR1,Missense_Mutation,3009-03A-01D-0739-09
GNAI2,Missense_Mutation,3009-03A-01D-0739-09
GPRC6A,Missense_Mutation,3009-03A-01D-0739-09
KCNT2,Missense_Mutation,3009-03A-01D-0739-09
LOC100130734,Missense_Mutation,3009-03A-01D-0739-09
LOC100132903,Missense_Mutation,3009-03A-01D-0739-09
LOC387761,Frame_Shift_Del,3009-03A-01D-0739-09
LOC727878,Missense_Mutation,3009-03A-01D-0739-09
MYEOV,Missense_Mutation,3009-03A-01D-0739-09
NCOA7,Missense_Mutation,3009-03A-01D-0739-09
NF1,Nonsense_Mutation,3009-03A-01D-0739-09
NMNAT2,Missense_Mutation,3009-03A-01D-0739-09
NUMA1,Frame_Shift_Ins,3009-03A-01D-0739-09
PHF6,Missense_Mutation,3009-03A-01D-0739-09
RUNX1,Frame_Shift_Ins,3009-03A-01D-0739-09
SHANK1,Missense_Mutation,3009-03A-01D-0739-09
SUZ12,Missense_Mutation,3009-03A-01D-0739-09
TM7SF4,Missense_Mutation,3009-03A-01D-0739-09
TONSL,Missense_Mutation,3009-03A-01D-0739-09
TSPYL5,Missense_Mutation,3009-03A-01D-0739-09
TTN,In_Frame_Ins,3009-03A-01D-0739-09
VPS13B,Missense_Mutation,3009-03A-01D-0739-09
WAC,Frame_Shift_Ins,3009-03A-01D-0739-09
WT1,Frame_Shift_Ins,3009-03A-01D-0739-09
ZNF677,Missense_Mutation,3009-03A-01D-0739-09
GTF3A,Missense_Mutation,3011-03A-01D-0739-09
IDH1,Missense_Mutation,3011-03A-01D-0739-09
NONO,Missense_Mutation,3011-03A-01D-0739-09
NPM1,Frame_Shift_Ins,3011-03A-01D-0739-09
TRPM4,Missense_Mutation,3011-03A-01D-0739-09
WNK4,Missense_Mutation,3011-03A-01D-0739-09
CADM2,Missense_Mutation,3012-03A-01D-0739-09
CYLC1,Missense_Mutation,3012-03A-01D-0739-09
DHX34,Missense_Mutation,3012-03A-01D-0739-09
ETV6,Frame_Shift_Del,3012-03A-01D-0739-09
EWSR1,Splice_Site,3012-03A-01D-0739-09
FRYL,Missense_Mutation,3012-03A-01D-0739-09
GANC,Missense_Mutation,3012-03A-01D-0739-09
SRRM2,Frame_Shift_Ins,3012-03A-01D-0739-09
TOP3B,Missense_Mutation,3012-03A-01D-0739-09
FLT3,Missense_Mutation,2811-03B-01W-0728-08
FLT3,Missense_Mutation,2814-03D-01W-0755-09
FLT3,Missense_Mutation,2816-03B-01W-0728-08
FLT3,Missense_Mutation,2818-03B-01W-0728-08
FLT3,Missense_Mutation,2834-03B-01W-0728-08
FLT3,Missense_Mutation,2851-03B-01W-0728-08
FLT3,Missense_Mutation,2900-03A-01W-0733-08
FLT3,Missense_Mutation,2910-03A-01W-0745-08
FLT3,Missense_Mutation,2924-03A-01W-0745-08
FLT3,Missense_Mutation,2926-03A-01W-0732-08
FLT3,Missense_Mutation,2928-03A-01W-0745-08
FLT3,Missense_Mutation,2945-03A-01W-0733-08
FLT3,Missense_Mutation,2947-03A-01W-0745-08
FLT3,Missense_Mutation,2957-03A-01W-0733-08
FLT3,Missense_Mutation,2963-03A-01D-0739-09
FLT3,Missense_Mutation,2969-03A-01D-0739-09
FLT3,Missense_Mutation,2974-03A-01D-0739-09
FLT3-ITD,Missense_Mutation,2811-03B-01W-0728-08
FLT3-ITD,In_Frame_Ins,2812-03B-01W-0728-08
FLT3-ITD,Missense_Mutation,2814-03D-01W-0755-09
FLT3-ITD,Missense_Mutation,2816-03B-01W-0728-08
FLT3-ITD,Missense_Mutation,2818-03B-01W-0728-08
FLT3-ITD,In_Frame_Ins,2825-03D-01W-0755-09
FLT3-ITD,In_Frame_Ins,2830-03B-01W-0728-08
FLT3-ITD,Missense_Mutation,2834-03B-01W-0728-08
FLT3-ITD,In_Frame_Ins,2836-03B-01W-0728-08
FLT3-ITD,In_Frame_Ins,2840-03D-01W-0755-09
FLT3-ITD,In_Frame_Ins,2844-03B-01W-0728-08
FLT3-ITD,Missense_Mutation,2851-03B-01W-0728-08
FLT3-ITD,In_Frame_Ins,2853-03D-01W-0755-09
FLT3-ITD,In_Frame_Ins,2869-03A-01W-0761-09
FLT3-ITD,In_Frame_Ins,2870-03A-01W-0732-08
FLT3-ITD,In_Frame_Ins,2871-03A-01W-0732-08
FLT3-ITD,In_Frame_Ins,2875-03A-01W-0732-08
FLT3-ITD,In_Frame_Ins,2877-03A-01W-0732-08
FLT3-ITD,In_Frame_Ins,2879-03A-01W-0732-08
FLT3-ITD,In_Frame_Ins,2880-03A-01W-0732-08
FLT3-ITD,In_Frame_Ins,2895-03A-01W-0733-08
FLT3-ITD,Missense_Mutation,2900-03A-01W-0733-08
FLT3-ITD,In_Frame_Ins,2906-03A-01D-0739-09
FLT3-ITD,In_Frame_Ins,2909-03A-01W-0755-09
FLT3-ITD,Missense_Mutation,2910-03A-01W-0745-08
FLT3-ITD,In_Frame_Ins,2913-03A-01W-0732-08
FLT3-ITD,In_Frame_Ins,2915-03A-01W-0745-08
FLT3-ITD,In_Frame_Ins,2918-03A-01W-0745-08
FLT3-ITD,In_Frame_Ins,2921-03A-01W-0755-09
FLT3-ITD,In_Frame_Ins,2922-03A-01W-0745-08
FLT3-ITD,Missense_Mutation,2924-03A-01W-0745-08
FLT3-ITD,In_Frame_Ins,2925-03A-01W-0732-08
FLT3-ITD,Missense_Mutation,2926-03A-01W-0732-08
FLT3-ITD,Missense_Mutation,2928-03A-01W-0745-08
FLT3-ITD,In_Frame_Ins,2930-03A-01W-0761-09
FLT3-ITD,In_Frame_Ins,2931-03A-01W-0745-08
FLT3-ITD,In_Frame_Ins,2934-03A-01W-0755-09
FLT3-ITD,In_Frame_Ins,2942-03A-01W-0733-08
FLT3-ITD,Missense_Mutation,2945-03A-01W-0733-08
FLT3-ITD,Missense_Mutation,2947-03A-01W-0745-08
FLT3-ITD,Missense_Mutation,2957-03A-01W-0733-08
FLT3-ITD,Missense_Mutation,2963-03A-01D-0739-09
FLT3-ITD,In_Frame_Ins,2965-03A-01D-0739-09
FLT3-ITD,Missense_Mutation,2969-03A-01D-0739-09
FLT3-ITD,In_Frame_Ins,2970-03A-01D-0739-09
FLT3-ITD,Missense_Mutation,2974-03A-01D-0739-09
FLT3-ITD,In_Frame_Ins,2976-03A-01D-0739-09
FLT3-ITD,In_Frame_Ins,2980-03A-01D-0739-09
FLT3-ITD,In_Frame_Ins,2981-03A-01D-0739-09
FLT3-ITD,In_Frame_Ins,2986-03A-01D-0739-09
FLT3-ITD,In_Frame_Ins,2988-03A-01D-0739-09
FLT3-ITD,In_Frame_Ins,2993-03A-01D-0739-09
FLT3-ITD,In_Frame_Ins,2994-03A-01D-0739-09
FLT3-ITD,In_Frame_Ins,2998-03A-01D-0739-09
FLT3-ITD,In_Frame_Ins,3006-03A-01D-0739-09
FLT3-ITD,In_Frame_Ins,3007-03A-01D-0739-09
